FUNCTION_SIGNATURE,ABSmell,LocationSmell,ConstantsSmell,NestingSmell,LOC,LOAC,LOFC,NOFL,NOFC_Dup,NOFC_NonDup,NONEST,NONEG,Smelly
"static void rgb_888_to_argb_1555(const void * src, int src_pitch, void * dst, int dst_pitch, int sx, int sy, int dx, int dy, int width, int height)","1,8703704","0,37037036","1,5",0,27,5,9,2,3,2,0,1,False
static void detach_multisample_buffer(ALLEGRO_FBO_INFO * info),"1,7857143","0,78571427",1,0,14,11,11,1,1,1,0,1,False
"static void * file_stdio_fopen(const char * path, const char * mode)","2,2586207","0,7586207","1,5",0,29,11,15,2,3,2,0,1,False
ALLEGRO_SAMPLE * _al_load_ogg_vorbis_f(ALLEGRO_FILE * file),"2,2222223","0,7222222","1,5",0,72,13,23,4,6,3,0,4,False
"static void rgb_565_to_bgr_888(const void * src, int src_pitch, void * dst, int dst_pitch, int sx, int sy, int dx, int dy, int width, int height)","2,080645","0,58064514","1,5",0,31,9,15,2,3,2,0,1,False
"static void bgr_555_to_bgr_888(const void * src, int src_pitch, void * dst, int dst_pitch, int sx, int sy, int dx, int dy, int width, int height)","2,080645","0,58064514","1,5",0,31,9,15,2,3,2,0,1,False
static void attach_depth_buffer(ALLEGRO_FBO_INFO * info),"9,227273","5,7272725","1,8333334","1,6666666",66,63,104,6,11,4,10,6,True
"static void ogl_update_transformation(ALLEGRO_DISPLAY * disp, ALLEGRO_BITMAP * target)","2,1034484","1,1034483",1,0,29,16,16,2,2,2,0,0,True
void _al_xsys_mmon_exit(ALLEGRO_SYSTEM_XGLX * s),"2,8000002","1,8000001",1,0,15,9,9,3,3,3,0,0,False
static int xfvm_get_default_adapter(ALLEGRO_SYSTEM_XGLX * s),"1,5","0,5",1,0,10,5,5,1,1,1,0,0,False
static ALLEGRO_SYSTEM * xglx_initialize(int flags),"1,1967213","0,19672132",1,0,61,6,6,2,2,2,0,0,False
"static int poly_compute_vertex_attributes(_AL_LIST * vertices, _AL_LIST_ITEM * item, int flags, _AL_LIST * reflex)","1,1515151","0,15151516",1,0,66,10,10,1,1,1,0,0,False
"static void try_const_color(ALLEGRO_DISPLAY * ogl_disp, ALLEGRO_COLOR * c)","3,8095238","2,142857","1,3333334","0,33333334",14,10,17,3,4,3,1,2,True
"static ALLEGRO_DISPLAY * gp2xwiz_create_display_ogl(int w, int h)","1,2068965","0,20689656",1,0,58,6,6,2,2,2,0,0,False
"int main(int argc, char * * argv)","1,75","0,25","1,5",0,48,6,10,2,3,2,0,1,False
static void process_rel(const struct input_event * event),"1,12","0,12",1,0,25,3,3,1,1,1,0,0,False
void _al_unlock_vertex_buffer_opengl(ALLEGRO_VERTEX_BUFFER * buf),"2,75","1,25","1,5",0,8,5,9,2,3,2,0,1,False
"static float * _al_rechannel_matrix(ALLEGRO_CHANNEL_CONF orig, ALLEGRO_CHANNEL_CONF target, float gain, float pan)","1,2241379","0,22413793",1,0,58,13,13,1,1,1,0,0,False
bool al_init_image_addon(void),"7,8776846","6,6554623",1,"0,22222222",119,88,102,9,9,9,2,0,True
static bool xrandr_query(ALLEGRO_SYSTEM_XGLX * s),"1,0689656","0,06896552",1,0,87,6,6,1,1,1,0,0,False
"void _al_xwin_mouse_motion_notify_handler(int x, int y, ALLEGRO_DISPLAY * display)","1,1935484","0,19354838",1,0,31,6,6,1,1,1,0,0,False
static bool do_make_directory(WRAP_CHAR * abs_path),"1,3076923","0,30769232",1,0,26,8,8,1,1,1,0,0,False
"static void color_ptr_on(ALLEGRO_DISPLAY * display, int n, GLint t, int stride, void * v)","2,1764708","1,1764706",1,0,17,10,10,2,2,2,0,0,False
static void load_extensions(ALLEGRO_OGL_EXT_API * ext),"8,166667",5,3,"0,16666667",36,30,104,6,18,6,1,6,True
ALLEGRO_SHADER * al_create_shader(ALLEGRO_SHADER_PLATFORM platform),"1,7407408","0,7407407",1,0,27,10,10,2,2,2,0,0,True
"static void rgb_888_to_argb_8888(const void * src, int src_pitch, void * dst, int dst_pitch, int sx, int sy, int dx, int dy, int width, int height)","1,8703704","0,37037036","1,5",0,27,5,9,2,3,2,0,1,False
int al_get_cpu_count(void),"9,666666",5,"3,3333333","1,3333334",24,20,116,6,20,7,8,6,True
"static void rgb_888_to_bgr_555(const void * src, int src_pitch, void * dst, int dst_pitch, int sx, int sy, int dx, int dy, int width, int height)","1,8703704","0,37037036","1,5",0,27,5,9,2,3,2,0,1,False
void _al_ogl_manage_extensions(ALLEGRO_DISPLAY * gl_disp),"8,861904","7,028571","1,5833334","0,25",140,82,136,12,19,8,3,6,True
void * al_get_opengl_proc_address(const char * name),"9,250958","6,362069","2,4444444","0,44444445",58,41,162,9,22,6,4,7,True
int al_get_ram_size(void),"12,525345","6,096774","4,285714","2,142857",31,27,192,7,30,9,15,9,True
static void fs_stdio_destroy_entry(ALLEGRO_FS_ENTRY * fh_),"1,2727273","0,27272728",1,0,11,3,3,1,1,1,0,0,False
bool _al_opengl_set_blender(ALLEGRO_DISPLAY * ogl_disp),"4,4736843","1,4736842","2,1666667","0,8333333",57,14,47,6,13,5,5,9,True
static void mainloop(void),"1,2197802","0,21978022",1,0,91,10,10,2,2,1,0,0,False
"static void tex_ptr_on(ALLEGRO_DISPLAY * display, int n, GLint t, int stride, void * v)","2,1764708","1,1764706",1,0,17,10,10,2,2,2,0,0,False
static void GameDraw(void),"1,6153846","0,61538464",1,0,91,28,28,2,2,2,0,0,False
static void tex_ptr_off(ALLEGRO_DISPLAY * display),"2,0666666","1,0666667",1,0,15,8,8,2,2,2,0,0,False
"static bool create_buffer_common(ALLEGRO_BUFFER_COMMON * common, GLenum type, const void * initial_data, int size, int flags)","1,1666666","0,16666667",1,0,30,5,5,1,1,1,0,1,True
static void assert_sorted_names(void),"1,7692308","0,7692308",1,0,13,10,10,1,1,1,0,0,False
"int _al_draw_prim_opengl(ALLEGRO_BITMAP * target, ALLEGRO_BITMAP * texture, const void * vtxs, const ALLEGRO_VERTEX_DECL * decl, int start, int end, int type)","3,1","1,6","1,5",0,15,12,23,2,3,2,0,1,False
size_t curlx_sitouz(int sinum),"2,1666665","1,1666666",1,0,12,7,7,2,2,1,0,0,False
"enum resolve_t Curl_resolv_timeout(struct connectdata * conn, const char * hostname, int port, struct Curl_dns_entry * * entry, timediff_t timeoutms)","16,41817","13,85567","1,3125","1,25",97,84,165,16,21,6,20,7,True
"static CURLcode gtls_connect_step3(struct connectdata * conn, int sockindex)","7,074803","5,574803","1,0833334","0,41666666",381,177,198,12,13,8,5,3,True
"static CURLcode bindlocal(struct connectdata * conn, curl_socket_t sockfd, int af, unsigned int scope)","3,3084795","2,0584795",1,"0,25",171,44,53,8,8,3,2,0,True
"static CURLcode Curl_ldap(struct connectdata * conn, bool * done)","23,463072","21,609413","1,3902439","0,46341464",425,224,693,41,57,7,19,13,True
"static CURLcode gtls_connect_step1(struct connectdata * conn, int sockindex)","14,310893","12,960894","1,2","0,15",358,232,312,20,24,13,3,8,True
struct timeval tvnow(void) #2,"2,4473684","0,94736844","1,5",0,19,9,16,2,3,2,0,1,True
"static CURLcode ossl_connect_step1(struct connectdata * conn, int sockindex)","27,802431","26,029703","1,3863636","0,38636363",404,239,436,44,61,30,17,11,True
"static void _state(struct connectdata * conn, ftpstate newstate #if defined(DEBUGBUILD), int lineno #endif)","4,6","2,6","1,25","0,75",20,13,28,4,5,3,3,1,True
"const char * Curl_strerror(int err, char * buf, size_t buflen)","13,1","7,2000003","3,3","2,6",75,54,359,10,33,9,26,7,True
curl_version_info_data * curl_version_info(CURLversion stamp),"17,482676","15,835617","1,2941177","0,3529412",73,68,100,17,22,14,6,3,True
"static bool verifyconnect(curl_socket_t sockfd, int * error)","8,982143","6,125","1,4285715","1,4285715",40,35,75,7,10,6,10,2,True
struct timeval tutil_tvnow(void) #2,"2,4473684","0,94736844","1,5",0,19,9,16,2,3,2,0,1,True
static bool incoming(curl_socket_t listenfd),"1,0612245","0,06122449",1,0,98,6,6,1,1,1,0,0,False
void Curl_resolver_global_cleanup(void),"1,5","0,5",1,0,6,3,3,1,1,1,0,0,False
"static void tcpnodelay(struct connectdata * conn, curl_socket_t sockfd)","5,65","3,4","1,5","0,75",20,17,32,4,6,3,3,4,True
"static CURLcode parse_connect_to_slist(struct Curl_easy * data, struct connectdata * conn, struct curl_slist * conn_to_host)","4,3067007","2,556701",1,"0,75",97,62,76,4,4,3,3,0,True
int main(void),"1,048387","0,048387095",1,0,62,3,3,1,1,1,0,0,False
"bool Curl_is_absolute_url(const char * url, char * buf, size_t buflen)","1,173913","0,17391305",1,0,23,4,4,1,1,1,0,0,False
"CURLcode Curl_ntlm_core_mk_lm_hash(struct Curl_easy * data, const char * password, unsigned char * lmbuffer)","7,333333","2,3333333",5,0,48,28,129,4,20,9,0,6,True
"static CURLcode wolfssl_connect_step2(struct connectdata * conn, int sockindex)","6,7256494","5,3506494","1,25","0,125",154,103,119,8,10,5,1,3,True
"static void query_completed_cb(void * arg, int status, #if defined(HAVE_CARES_CALLBACK_TIMEOUTS) int timeouts, #endif struct hostent * hostent)","1,3529412","0,3529412",1,0,34,6,6,2,2,1,0,0,False
static int Curl_ossl_check_cxn(struct connectdata * conn),"9,031359","6,317073","1,4285715","1,2857143",41,37,64,7,10,9,9,1,True
"static void mystate(struct connectdata * conn, sshstate nowstate #if defined(DEBUGBUILD), int lineno #endif)","3,3461537","1,8461539","1,5",0,78,72,141,2,3,2,0,1,False
void set_binmode(FILE * stream),"5,25",3,"1,5","0,75",12,9,22,4,6,3,3,2,True
"void * curl_dbg_realloc(void * ptr, size_t wantedsize, int line, const char * source)","1,5","0,5",1,0,28,7,7,2,2,1,0,0,False
"CURLcode Curl_auth_create_ntlm_type3_message(struct Curl_easy * data, const char * userp, const char * passwdp, struct ntlmdata * ntlm, char * * outptr, size_t * outlen)","1,2727273","0,27272728",1,0,66,18,18,1,1,1,0,0,False
"size_t tool_write_cb(char * buffer, size_t sz, size_t nmemb, void * userdata)","3,1130435","2,1130435",1,0,115,81,81,3,3,2,0,0,False
"static void show_verbose_server_cert(struct connectdata * conn, int sockindex)","7,5758243","4,175824",2,"1,4",91,76,306,5,10,4,7,2,True
CF_INLINE CFStringRef getsubject(SecCertificateRef cert),"4,797619","3,047619","1,25","0,5",21,16,42,4,5,4,2,1,True
char * curl_version(void),"22,263447","20,917292","1,2307693","0,115384616",133,107,138,26,32,16,3,2,True
"void Curl_updateconninfo(struct connectdata * conn, curl_socket_t sockfd)","7,5","5,3333335","1,5","0,6666667",54,48,137,6,9,3,4,1,True
"void Curl_ntlm_core_lm_resp(const unsigned char * keys, const unsigned char * plaintext, unsigned char * results)","8,5348835","3,5348837",5,0,43,38,169,4,20,9,0,6,True
static CURLcode ssh_knownhost(struct connectdata * conn),"9,835145","7,710145","1,25","0,875",138,133,186,8,10,7,7,2,True
"static OSStatus CopyIdentityFromPKCS12File(const char * cPath, const char * cPassword, SecIdentityRef * out_cert_and_key)","6,104478","3,1044776","1,75","1,25",67,52,152,4,7,3,5,1,True
"Curl_addrinfo * Curl_ipv4_resolve_r(const char * hostname, int port)","9,77027","5,7702703","2,7142856","1,2857143",74,61,281,7,19,6,9,7,True
"CURLcode Curl_vsetopt(struct Curl_easy * data, CURLoption option, va_list param)","40,116207","38,673347","1,2428571","0,2",1696,937,1152,70,87,30,14,59,True
"static size_t Curl_ossl_version(char * buffer, size_t size)","10,81978","6,6769233","3,2857144","0,85714287",65,62,347,7,23,6,6,9,True
static int setup(CURL * hnd),"1,1764706","0,1764706",1,0,17,3,3,1,1,1,0,0,False
CURLMcode curl_multi_wakeup(struct Curl_multi * multi),"4,6904764","2,357143","1,3333334",1,28,22,35,3,4,3,3,1,True
"static CURLcode set_ssl_version_min_max(struct connectdata * conn, int sockindex)","5,633721","2,8837209","2,5","0,25",86,62,169,4,10,7,1,1,True
int Curl_wait_ms(int timeout_ms),"6,3586206","2,7586207","2,6",1,29,16,90,5,13,4,5,6,True
"static int select_next_proto_cb(SSL * ssl, unsigned char * * out, unsigned char * outlen, const unsigned char * in, unsigned int inlen, void * arg)","1,3333334","0,33333334",1,0,30,10,10,1,1,1,0,0,True
static bool dprintf_IsQualifierNoDollar(const char * fmt),"1,7619047","0,7619048",1,0,21,8,8,2,2,1,0,0,False
"static bool juggle(curl_socket_t * sockfdp, curl_socket_t listenfd, enum sockmode * mode)","1,031915","0,031914894",1,0,188,6,6,1,1,1,0,0,False
static void install_signal_handlers(void),"5,73125","4,53125","1,2",0,32,29,36,5,6,6,0,0,True
"static void zonefrom_url(CURLU * uh, struct connectdata * conn)","6,299107","4,15625","1,5714285","0,5714286",32,19,49,7,11,5,4,4,True
struct curltime Curl_now(void) #1,"1,5833333","0,5833333",1,0,24,7,7,2,2,1,0,0,False
"static CURLcode ssh_block_statemach(struct connectdata * conn, bool disconnect)","1,3333334","0,33333334",1,0,42,14,14,1,1,1,0,0,False
"CURLcode Curl_idnconvert_hostname(struct connectdata * conn, struct hostname * host)","8,285714","5,714286","2,142857","0,42857143",49,40,93,7,15,5,3,7,True
"static size_t mime_subparts_read(char * buffer, size_t size, size_t nitems, void * instream, bool * hasread)","2,6463416","1,6463416",1,0,82,27,27,5,5,1,0,0,False
"static CURLcode Curl_mbedtls_random(struct Curl_easy * data, unsigned char * entropy, size_t length)","6,934884","4,534884",2,"0,4",43,39,70,5,10,4,2,3,True
int test(char * URL),"11,049613","8,449613","2,4","0,2",129,109,264,10,24,6,2,4,True
static void Curl_ossl_cleanup(void),"8,478022","6,1923075","1,5714285","0,71428573",26,23,73,7,11,7,5,4,True
"static void state(struct SASL * sasl, struct connectdata * conn, saslstate newstate)","4,177419","1,6774193","2,5",0,31,26,57,2,5,3,0,3,False
"static CURLcode get_cert_chain(struct connectdata * conn, struct ssl_connect_data * connssl)","11,827046","9,88587","1,5882353","0,3529412",184,107,211,17,27,6,6,9,True
"CURLcode Curl_http2_stream_pause(struct Curl_easy * data, bool pause)","3,0789475","1,5789474",1,"0,5",38,30,39,2,2,2,1,0,True
static CURLcode ssh_force_knownhost_key_type(struct connectdata * conn),"10,497585","8,608696",1,"0,8888889",115,110,146,9,9,5,8,0,True
"static CURLcode wolfssl_connect_step1(struct connectdata * conn, int sockindex)","12,341684","10,868","1,2631578","0,21052632",250,143,183,19,24,10,4,6,True
unsigned short curlx_ultous(unsigned long ulnum),"2,1666665","1,1666666",1,0,12,7,7,2,2,1,0,0,False
"CURLcode Curl_http_input_auth(struct connectdata * conn, bool proxy, const char * auth)","4,437705","3,237705",1,"0,2",122,79,92,5,5,4,1,1,True
unsigned short curlx_uitous(unsigned int uinum),"2,1666665","1,1666666",1,0,12,7,7,2,2,1,0,0,False
"static CURLcode readwrite_upload(struct Curl_easy * data, struct connectdata * conn, int * didwhat)","1,1515151","0,15151516",1,0,132,10,10,2,2,2,0,1,False
"static int ldap_win_bind(struct connectdata * conn, LDAP * server, const char * user, const char * passwd)","1,25","0,25",1,0,20,5,5,1,1,1,0,0,False
int wait_ms(int timeout_ms),"8,164596","5,021739","2,2857144","0,85714287",46,33,138,7,16,4,6,9,True
static int Curl_ossl_init(void),"9,465278","7,6875","1,4444444","0,33333334",48,41,65,9,13,8,3,6,True
static void install_signal_handlers(void),"6,705128","5,5384617","1,1666666",0,39,36,43,6,7,7,0,0,True
"static int Curl_sectransp_shutdown(struct connectdata * conn, int sockindex)","1,1025641","0,102564104",1,0,39,4,4,1,1,1,0,1,False
int64_t av_gettime_relative(void),"3,4285715","1,4285715","1,5","0,5",14,10,23,2,3,3,1,0,True
void ff_aac_coder_init_mips(AACEncContext * c),"6,3055553","3,5555556","1,25","1,5",18,16,50,4,5,4,6,2,True
"static void nvenc_print_driver_requirement(AVCodecContext * avctx, int level)","25,582771","14,27027","6,75","4,5625",37,33,460,16,108,4,73,40,True
"static void FUNC(put_hevc_qpel_uni_hv)(uint8_t * _dst, ptrdiff_t _dststride, uint8_t * _src, ptrdiff_t _srcstride, int height, intptr_t mx, intptr_t my, int width)","1,7857143","0,2857143","1,5",0,35,5,9,2,3,2,0,1,False
av_cold void ff_fft_init_mips(FFTContext * s),"4,4666667","1,8000001","1,3333334","1,3333334",15,9,27,3,4,4,4,2,True
"static void dump_video_param(AVCodecContext * avctx, QSVEncContext * q, mfxExtBuffer * * coding_opts)","13,67509","12,322148",1,"0,3529412",149,108,155,17,17,14,6,0,True
static av_cold int aac_decode_init(AVCodecContext * avctx),"2,729114","1,329114","1,4",0,79,21,29,5,7,2,0,3,False
"static int vulkan_device_derive(AVHWDeviceContext * ctx, AVHWDeviceContext * src_ctx, int flags)","3,8424242","2,509091",1,"0,33333334",55,46,61,3,3,3,1,0,True
"static inline void RENAME(deInterlaceInterpolateCubic)(uint8_t src[], int stride)","7,666667","4,6666665","2,2","0,8",45,42,162,5,11,4,4,2,True
static av_cold void RENAME(rgb2rgb_init)(void),"10,142858","6,571429","2,142857","1,4285715",49,46,109,7,15,8,10,6,True
"static int read_shape_from_file(int * cols, int * rows, int * * values, const char * filename, void * log_ctx)","1,21875","0,21875",1,0,64,14,14,1,1,1,0,0,False
"static int http_read_stream(URLContext * h, uint8_t * buf, int size)","1,0930233","0,093023255",1,0,43,4,4,1,1,1,0,0,False
av_cold void ff_dct_encode_init_x86(MpegEncContext * s),"6,505377","4,83871","1,3333334","0,33333334",31,25,39,6,8,5,2,0,True
av_cold void ff_rv40dsp_init_x86(RV34DSPContext * c),"6,277419","4,677419",1,"0,6",62,58,67,5,5,3,3,0,True
"unsigned long av_adler32_update(unsigned long adler, const uint8_t * buf, unsigned int len)","6,25",3,"2,5","0,75",48,36,132,4,10,5,3,4,True
"static int FUNC(sei_buffering_period)(CodedBitstreamContext * ctx, RWContext * rw, H265RawSEIBufferingPeriod * current, uint32_t * payload_size)","1,878788","0,54545456","1,3333334",0,88,16,21,3,4,2,0,1,False
"static av_always_inline int dv_set_class_number_sd(DVVideoContext * s, int16_t * blk, EncBlockInfo * bi, const uint8_t * zigzag_scan, const int * weight, int bias)","1,0491803","0,04918033",1,0,61,3,3,1,1,1,0,1,False
void av_frame_unref(AVFrame * frame),"1,2272727","0,22727273",1,0,22,5,5,1,1,1,0,0,False
"void ff_hyscale_fast_mmxext(SwsContext * c, int16_t * dst, int dstWidth, const uint8_t * src, int srcW, int xInc)","9,885844","8,219178","1,4","0,26666668",73,40,84,15,21,3,4,9,True
void * av_malloc(size_t size),"8,147619","4,4333334",3,"0,71428573",30,19,86,7,21,6,5,11,True
"int avpriv_tempfile(const char * prefix, char * * filename, int log_offset, void * log_ctx)","6,7968254","4,5111113","1,5714285","0,71428573",45,29,69,7,11,7,5,8,True
"static int compare_sl(FlashSV2Context * s, Block * b, const uint8_t * src, uint8_t * frame, uint8_t * key, int y, int keyframe)","1,1764706","0,1764706",1,0,17,3,3,1,1,1,0,1,False
static int udp_close(URLContext * h),"4,888889","2,8888888","1,25","0,75",36,26,36,4,5,3,3,1,True
"static inline void RENAME(tempNoiseReducer)(uint8_t * src, int stride, uint8_t * tempBlurred, uint32_t * tempBlurredPast, const int * maxNoise)","158,64151","30,359457","65,15385","63,128204",1327,1033,398299,39,2541,92,2462,45,True
"static int open_url_keepalive(AVFormatContext * s, AVIOContext * * pb, const char * url, AVDictionary * * options)","3,0294118","1,5294118","1,5",0,17,13,25,2,3,2,0,3,False
av_cold void ff_mpadsp_init_x86(MPADSPContext * s),"5,1111116","3,1111112","1,2","0,8",45,28,59,5,6,6,4,0,True
static int create_stream(AVFormatContext * s),"1,1","0,1",1,0,60,6,6,1,1,1,0,0,False
void ff_sbrdsp_init_mips(SBRDSPContext * s),"5,5714283","2,5714285","1,3333334","1,6666666",21,18,56,3,4,4,5,2,True
static int read_key(void),"4,659091","2,659091","1,6666666","0,33333334",44,39,108,3,5,4,1,1,True
"static int vulkan_map_from(AVHWFramesContext * hwfc, AVFrame * dst, const AVFrame * src, int flags)","2,5526316","1,0526316",1,"0,5",19,10,15,2,2,2,1,0,True
"static inline void postProcess(const uint8_t src[], int srcStride, uint8_t dst[], int dstStride, int width, int height, const int8_t QPs[], int QPStride, int isColor, pp_mode * vm, pp_context * vc)","13,222222",6,"3,7777777","3,4444444",33,22,135,9,34,9,31,12,True
"av_cold void ff_h264dsp_init_x86(H264DSPContext * c, const int bit_depth, const int chroma_format_idc)","10,93111","8,82","1,1111112",1,200,196,247,9,10,5,9,0,True
av_cold void ff_dwt_init_x86(SnowDWTContext * c),"6,264286","4,464286",1,"0,8",28,25,37,5,5,3,4,0,True
"static int vulkan_map_to(AVHWFramesContext * hwfc, AVFrame * dst, const AVFrame * src, int flags)","2,5526316","1,0526316",1,"0,5",19,10,15,2,2,2,1,0,True
"static inline void yuvPlanartouyvy_c(const uint8_t * ysrc, const uint8_t * usrc, const uint8_t * vsrc, uint8_t * dst, int width, int height, int lumStride, int chromStride, int dstStride, int vertLumPerChroma)","4,771739","2,5217392","1,5","0,75",46,29,58,4,6,3,3,2,True
"av_cold void INIT_FUNC(VP9DSPContext * dsp, int bitexact)","7,7666664","5,6","1,1666666",1,60,56,83,6,7,4,6,1,True
static int file_delete(URLContext * h),"4,216667","2,5500002","1,3333334","0,33333334",20,17,24,3,4,3,1,1,True
"static int mov_write_tmcd_tag(AVIOContext * pb, MOVTrack * track)","2,3533335","1,02","1,3333334",0,50,17,22,3,4,2,0,2,False
static void vaapi_vpp_fill_colour_range(VAAPIColourProperties * props),"3,1666665","1,6666666","1,5",0,18,15,19,2,3,2,0,1,False
int ff_get_cpu_flags_x86(void),"6,9663553","4,766355",1,"1,2",107,102,154,5,5,5,6,0,True
"static void hpeldsp_init_mmx(HpelDSPContext * c, int flags)","1,2352941","0,23529412",1,0,17,4,4,1,1,1,0,0,False
void ff_psdsp_init_mips(PSDSPContext * s),"5,4","2,4","1,3333334","1,6666666",15,12,32,3,4,4,5,2,True
"static int vaapi_device_create(AVHWDeviceContext * ctx, const char * device, AVDictionary * opts, int flags)","5,6007195","4,1007195","1,1666666","0,33333334",139,95,124,6,7,5,2,1,True
int ff_get_cpu_flags_ppc(void),"17,76044","9,56044","3,8","4,4",91,87,686,10,38,9,44,13,True
"static void imdct_and_windowing_ld(AACContext * ac, SingleChannelElement * sce)","1,5833333","0,5833333",1,0,24,7,7,2,2,1,0,0,False
"static inline void RENAME(dering)(uint8_t src[], int stride, PPContext * c)","12,788477","9,888476","1,8","1,1",269,266,1036,10,18,5,11,4,True
"av_cold void ff_videodsp_init_x86(VideoDSPContext * ctx, int bpc)","5,35","3,6",1,"0,75",30,27,45,4,4,3,3,0,True
"int ff_startcode_find_candidate_c(const uint8_t * buf, int size)","4,289855","1,9565217","1,3333334",1,23,15,36,3,4,3,3,1,True
av_cold SwsFunc ff_yuv2rgb_init_x86(SwsContext * c),"6,51831","4,71831",1,"0,8",71,67,79,5,5,2,4,0,True
"av_cold void ff_proresdsp_init_x86(ProresDSPContext * dsp, AVCodecContext * avctx)","1,8125","0,8125",1,0,16,13,13,1,1,1,0,0,False
int av_gettime_relative_is_monotonic(void),"4,5833335","2,25",2,"0,33333334",12,9,27,3,6,4,1,1,True
void ff_tls_deinit(void),"3,848485","2,1818182",1,"0,6666667",11,8,14,3,3,3,2,0,True
int ff_tls_init(void),"3,8095238","2,142857",1,"0,6666667",14,10,18,3,3,3,2,0,True
"static int file_check(URLContext * h, int mask)","5,55","2,8",2,"0,75",30,21,65,4,8,4,3,4,True
"int avcodec_copy_context(AVCodecContext * dest, const AVCodecContext * src)","1,0909091","0,09090909",1,0,55,5,5,1,1,1,0,0,False
av_cold void ff_mpadsp_init_ppc(MPADSPContext * s),"1,625","0,625",1,0,8,5,5,1,1,1,0,0,False
void ff_aacsbr_func_ptr_init_mips(AACSBRContext * c),"5,307692","2,3076923","1,3333334","1,6666666",13,10,24,3,4,4,5,2,True
"static void * do_xmalloc(size_t size, int gentle)","1,1304348","0,13043478",1,0,23,3,3,1,1,1,0,0,False
"static int ssl_socket_connect(struct imap_socket * sock, int use_tls_only, int verify) #2","1,8172044","0,48387095","1,3333334",0,62,10,14,3,4,3,0,1,False
"int git_open_cloexec(const char * name, int flags)","3,4761906","0,47619048",3,0,21,10,30,1,3,3,0,0,True
int term_columns(void),"1,35","0,35",1,0,20,7,7,1,1,1,0,0,False
"static void fetch_alternates(struct walker * walker, const char * base)","1,1351352","0,13513513",1,0,37,5,5,1,1,1,0,0,False
int daemonize(void),"3,2391305","1,7391304","1,5",0,23,20,38,2,3,2,0,1,False
static void lookup_hostname(struct hostinfo * hi),"3,2333333","1,7333333","1,5",0,45,39,58,2,3,2,0,3,False
"char * prefix_filename(const char * pfx, const char * arg)","1,1875","0,1875",1,0,16,3,3,1,1,1,0,0,False
"static int try_shell_exec(const char * cmd, char * const * argv)","1,0857143","0,08571429",1,0,35,3,3,1,1,1,0,1,False
"int cmd_main(int argc, const char * * argv)","2,4848485","0,8181819","1,6666666",0,55,15,28,3,5,3,0,3,False
static uint64_t total_ram(void),"8,059259","4,259259","3,2","0,6",27,23,126,5,16,6,3,4,True
int online_cpus(void),"12,9","7,4","2,75","2,75",40,37,257,8,22,10,22,6,True
void http_cleanup(void),"1,244898","0,24489796",1,0,49,6,6,2,2,2,0,1,False
"static int canonical_name(const char * host, struct strbuf * out)","3,0652175","1,5652174","1,5",0,23,18,26,2,3,2,0,3,False
void grep_destroy(void),"1,5","0,5",1,0,6,3,3,1,1,1,0,0,False
static NOINLINE threadcache * AllocCache(nedpool * p) THROWSPEC,"1,1428572","0,14285715",1,0,28,4,4,1,1,1,0,0,False
"static int setup_named_sock(char * listen_addr, int listen_port, struct socketlist * socklist) #1","1,1076924","0,10769231",1,0,65,7,7,1,1,1,0,0,False
"static int socket_write(struct imap_socket * sock, const char * buf, int len)","1,2941177","0,29411766",1,0,17,5,5,1,1,1,0,1,False
"static int update_one(struct cache_tree * it, struct cache_entry * * cache, int entries, const char * base, int baselen, int * skip_count, int flags)","1,1224489","0,12244898",1,0,147,9,9,2,2,1,0,0,False
int finish_async(struct async * async),"2,9545455","1,4545455","1,5",0,11,8,15,2,3,2,0,1,False
"int match_stat_data(const struct stat_data * sd, struct stat * st)","1,7333333","0,73333335",1,0,30,11,11,2,2,2,0,0,False
"int sane_execvp(const char * file, char * const argv[])",2,1,1,0,20,10,10,2,2,1,0,2,False
"int verify_path(const char * path, unsigned mode)","1,0833334","0,083333336",1,0,48,4,4,1,1,1,0,0,False
static FORCEINLINE unsigned int size2binidx(size_t _size) THROWSPEC,"8,375","4,375",3,1,40,35,235,5,15,3,5,6,True
static CURL * get_curl_handle(void),"10,710526","9,5","1,2105263",0,200,100,115,19,23,6,0,3,True
"static int add_send_request(struct object * obj, struct remote_lock * lock)","1,137931","0,13793103",1,0,29,4,4,1,1,1,0,0,False
"void grep_init(struct grep_opt * opt, struct repository * repo, const char * prefix)","1,5625","0,5625",1,0,32,9,9,2,2,2,0,0,False
void initialize_repository_version(int hash_algo),"1,2352941","0,23529412",1,0,17,4,4,1,1,1,0,1,False
static void run_request_queue(void),"2,9411764","1,9411765",1,0,17,11,11,3,3,1,0,0,True
static void socket_shutdown(struct imap_socket * sock),"1,5454545","0,54545456",1,0,11,6,6,1,1,1,0,1,False
"int poll(struct pollfd * pfd, nfds_t nfd, int timeout)","7,32","4,92","1,4",1,250,246,431,5,7,4,5,4,True
const char * find_hook(const char * name),"1,2413793","0,2413793",1,0,29,7,7,1,1,1,0,0,False
"int serpent_ecb_decrypt(const unsigned char * ct, unsigned char * pt, const symmetric_key * skey)","1,375","0,375",1,0,8,3,3,1,1,1,0,0,False
"int hmac_init(hmac_state * hmac, int hash, const unsigned char * key, unsigned long keylen)","1,0576923","0,057692308",1,0,52,3,3,1,1,1,0,0,False
"int hash_memory(int hash, const unsigned char * in, unsigned long inlen, unsigned char * out, unsigned long * outlen)","1,0909091","0,09090909",1,0,33,3,3,1,1,1,0,0,False
int hkdf_test(void),"9,336869","6,908297","1,2857143","1,1428572",229,226,777,7,9,6,8,3,True
"static unsigned long _rng_nix(unsigned char * buf, unsigned long len, void( * callback)(void))","5,75","3,5","1,5","0,75",32,28,64,4,6,3,3,2,True
static void der_cacert_test(void),"1,0684931","0,06849315",1,0,73,5,5,1,1,1,0,0,False
"int gcm_add_iv(gcm_state * gcm, const unsigned char * IV, unsigned long IVlen)","1,2553191","0,25531915",1,0,47,12,12,1,1,1,0,0,False
"int ed25519_sign(const unsigned char * msg, unsigned long msglen, unsigned char * sig, unsigned long * siglen, const curve25519_key * private_key)","1,0967742","0,09677419",1,0,31,3,3,1,1,1,0,0,False
int hmac_test(void),"14,843969","12,920892","1,0769231","0,84615386",493,490,1363,13,14,4,11,3,True
"int sober128_stream_crypt(sober128_state * st, const unsigned char * in, unsigned long inlen, unsigned char * out)","1,4210527","0,42105263",1,0,57,24,24,1,1,1,0,1,False
int blake2smac_test(void),"3,4793105","1,9793104","1,5",0,290,287,573,2,3,2,0,3,False
"int xtea_setup(const unsigned char * key, int keylen, int num_rounds, symmetric_key * skey)","1,12","0,12",1,0,25,3,3,1,1,1,0,0,False
int fortuna_ready(prng_state * prng),"2,1666667","0,6666667","1,5",0,15,5,9,2,3,2,0,1,False
"int der_encode_asn1_length(unsigned long len, unsigned char * out, unsigned long * outlen)","4,633333","1,1333333","3,5",0,90,51,199,2,7,3,0,3,True
int whirlpool_test(void),"3,425926","1,925926","1,5",0,81,78,155,2,3,2,0,3,False
int file_test(void),"11,577419","9,677419","1,1","0,8",93,90,244,10,11,10,8,1,True
static void _unregister_all(void),"48,893757","47,812122","1,0204082","0,06122449",165,161,170,49,50,49,3,1,True
int blake2bmac_test(void),"3,4793105","1,9793104","1,5",0,290,287,573,2,3,2,0,3,False
"void copy_or_zeromem(const unsigned char * src, unsigned char * dest, unsigned long len, int coz)","3,6742425","2,4242425",1,"0,25",33,20,23,4,4,2,1,0,True
"int rsa_verify_hash_ex(const unsigned char * sig, unsigned long siglen, const unsigned char * hash, unsigned long hashlen, int padding, int hash_idx, unsigned long saltlen, int * stat, const rsa_key * key)","1,1090909","0,10909091",1,0,110,6,6,2,2,1,0,0,False
"int pmac_memory_multi(int cipher, const unsigned char * key, unsigned long keylen, unsigned char * out, unsigned long * outlen, const unsigned char * in, unsigned long inlen, ...)","1,0666667","0,06666667",1,0,45,3,3,1,1,1,0,0,False
static ulong64 rdtsc(void),"22,631485","12,093023","6,4615383","4,076923",43,40,465,13,84,14,53,44,True
static void time_macs_(unsigned long MAC_SIZE),"10,919872","7,794872","2,375","0,75",117,114,784,8,19,7,6,1,True
"int pmac_done(pmac_state * pmac, unsigned char * out, unsigned long * outlen)","1,0857143","0,08571429",1,0,35,3,3,1,1,1,0,0,False
"int ccm_memory(int cipher, const unsigned char * key, unsigned long keylen, symmetric_key * uskey, const unsigned char * nonce, unsigned long noncelen, const unsigned char * header, unsigned long headerlen, unsigned char * pt, unsigned long ptlen, unsigned char * ct, unsigned char * tag, unsigned long * taglen, int direction)","1,840467","0,8404669",1,0,257,54,54,4,4,2,0,0,True
static void time_encmacs_(unsigned long MAC_SIZE),"11,21606","7,8410597","2,25","1,125",151,148,882,8,18,7,9,1,True
"int sha1_done(hash_state * md, unsigned char * out)","1,1","0,1",1,0,30,3,3,1,1,1,0,0,False
int anubis_test(void),"6,2123823","3,9623826","1,5","0,75",319,316,1066,4,6,3,3,6,True
"int blake2s_done(hash_state * md, unsigned char * out)","1,1304348","0,13043478",1,0,23,3,3,1,1,1,0,0,False
int pkcs_5_test(void),"8,740477","6,883333","1,1428572","0,71428573",180,177,411,7,8,4,5,3,True
int sober128_test(void),"3,35","1,85","1,5",0,40,37,73,2,3,2,0,3,False
"int rand_bn_bits(void * N, int bits, prng_state * prng, int wprng)","1,125","0,125",1,0,24,3,3,1,1,1,0,0,False
int misc_test(void),"9,823529","8,823529",1,0,34,30,30,10,10,10,0,0,True
"int lrw_setiv(const unsigned char * IV, unsigned long len, symmetric_LRW * lrw)","4,763158","2,7631578","1,4","0,6",38,21,40,5,7,3,3,2,True
"int sha512_256_done(hash_state * md, unsigned char * out)","1,2","0,2",1,0,15,3,3,1,1,1,0,0,False
int des3_test(void),"3,3947368","1,8947369","1,5",0,57,54,107,2,3,2,0,3,False
"int lrw_process(const unsigned char * pt, unsigned char * ct, unsigned long len, int mode, symmetric_LRW * lrw)","6,47343","4,695652","1,4444444","0,33333334",69,36,67,9,13,3,3,4,True
int register_all_ciphers(void),"23,935896","22,76923","1,0416666","0,125",78,74,83,24,25,24,3,1,True
int blake2s_256_test(void),"3,3666668","1,8666667","1,5",0,45,42,83,2,3,2,0,3,False
"int ocb_done_decrypt(ocb_state * ocb, const unsigned char * ct, unsigned long ctlen, unsigned char * pt, const unsigned char * tag, unsigned long taglen, int * stat)","1,0909091","0,09090909",1,0,33,3,3,1,1,1,0,0,False
"void gcm_mult_h(const gcm_state * gcm, unsigned char * I)","8,032258","5,032258","1,5","1,5",31,26,82,6,9,4,9,3,True
int sha384_test(void),"3,35","1,85","1,5",0,40,37,73,2,3,2,0,3,False
"int compare_testvector(const void * is, const unsigned long is_len, const void * should, const unsigned long should_len, const char * what, int which)","4,0833335","1,75",2,"0,33333334",24,14,38,3,6,3,1,1,True
int crypt_mp_init(const char * mpi),"6,1","4,9333334",1,"0,16666667",45,37,44,6,6,5,1,0,True
"void lv_ta_set_text(lv_obj_t * ta, const char * txt)","2,1923077","0,6923077","1,5",0,52,18,22,2,3,2,0,1,False
"void lv_tileview_set_tile_act(lv_obj_t * tileview, lv_coord_t x, lv_coord_t y, lv_anim_enable_t anim)","2,0545454","1,0545454",1,0,55,29,29,2,2,1,0,0,False
static void bar_init(void),"1,909091","0,90909094",1,0,33,30,30,1,1,1,0,0,False
bool lv_debug_check_style(const lv_style_t * style),"1,5454545","0,54545456",1,0,11,6,6,1,1,1,0,0,False
"static void lv_draw_rect_main_corner(const lv_area_t * coords, const lv_area_t * mask, const lv_style_t * style, lv_opa_t opa_scale)","2,3933055","1,3933055",1,0,239,111,111,3,3,1,0,0,True
"static size_t _ftoa(out_fct_type out, char * buffer, size_t idx, size_t maxlen, double value, unsigned int prec, unsigned int width, unsigned int flags)","1,6041666","0,104166664","1,5",0,96,5,9,2,3,2,0,1,False
void lv_theme_set_current(lv_theme_t * th),"6,1588235","4,5588236","1,2","0,4",34,31,60,5,6,3,2,1,True
"static void lv_draw_rect_border_corner(const lv_area_t * coords, const lv_area_t * mask, const lv_style_t * style, lv_opa_t opa_scale)","3,6581469","2,6581469",1,0,313,208,208,4,4,1,0,0,True
"static lv_res_t lv_img_decoder_built_in_line_indexed(lv_img_decoder_dsc_t * dsc, lv_coord_t x, lv_coord_t y, lv_coord_t len, uint8_t * buf)","14,020914","8,57647","2,8888888","2,5555556",85,81,165,9,26,4,23,8,True
"static lv_res_t lv_list_signal(lv_obj_t * list, lv_signal_t sign, void * param)","5,4672413","4,2672415",1,"0,2",116,99,102,5,5,1,1,0,True
static void bar_init(void),"1,5714285","0,5714286",1,0,7,4,4,1,1,1,0,0,False
void lv_mem_init(void),"4,6904764","2,357143","1,3333334",1,14,11,21,3,4,3,3,1,True
void lv_mem_free(const void * data),"7,763393","5,90625","1,2857143","0,5714286",32,27,56,7,9,5,4,2,True
"void lv_label_get_letter_pos(const lv_obj_t * label, uint16_t char_id, lv_point_t * pos)","2,0070422","0,5070422","1,5",0,71,18,23,2,3,2,0,1,False
"lv_res_t lv_img_decoder_built_in_open(lv_img_decoder_t * decoder, lv_img_decoder_dsc_t * dsc)","7,9310746","6,0560746","1,5","0,375",107,81,114,8,12,4,3,4,True
void * lv_mem_alloc(size_t size),"7,3920264","5,534884","1,4285715","0,42857143",43,34,73,7,10,5,3,3,True
static void btnm_init(void),"1,90625","0,90625",1,0,32,29,29,1,1,1,0,0,False
"bool lv_sw_toggle(lv_obj_t * sw, lv_anim_enable_t anim)","1,2307693","0,23076923",1,0,13,3,3,1,1,1,0,0,False
"void lv_label_set_text_sel_start(lv_obj_t * label, uint16_t index)","2,8333335","1,3333334","1,5",0,12,8,13,2,3,2,0,1,False
static void lmeter_init(void),"2,8","0,8",2,0,15,12,24,1,2,2,0,1,False
static void chart_init(void),"1,5","0,5",1,0,6,3,3,1,1,1,0,0,False
"lv_theme_t * lv_theme_templ_init(uint16_t hue, lv_font_t * font)","1,0869565","0,08695652",1,0,46,4,4,1,1,1,0,0,False
static void gauge_init(void),"2,8","0,8",2,0,15,12,24,1,2,2,0,1,False
static void page_init(void),"1,625","0,625",1,0,8,5,5,1,1,1,0,0,False
static void chart_init(void),"1,5","0,5",1,0,6,3,3,1,1,1,0,0,False
uint16_t lv_tabview_get_anim_time(const lv_obj_t * tabview),"2,7727273","1,2727273","1,5",0,11,7,12,2,3,2,0,1,False
"void lv_draw_px(lv_coord_t x, lv_coord_t y, const lv_area_t * mask_p, lv_color_t color, lv_opa_t opa)","2,3529413","0,3529412",2,0,34,6,12,2,4,2,0,0,False
static void list_init(void),"2,9117646","0,9117647",2,0,34,31,62,1,2,2,0,1,False
"void lv_ta_set_pwd_show_time(lv_obj_t * ta, uint16_t time)","1,3333334","0,33333334",1,0,9,3,3,1,1,1,0,0,False
"static lv_res_t lv_img_decoder_built_in_line_alpha(lv_img_decoder_dsc_t * dsc, lv_coord_t x, lv_coord_t y, lv_coord_t len, uint8_t * buf)","14,057346","8,612903","2,8888888","2,5555556",93,89,174,9,26,4,23,8,True
"void lv_btn_set_ink_out_time(lv_obj_t * btn, uint16_t time)","3,8846154","1,3846154","2,5",0,13,9,26,2,5,3,0,1,False
static void slider_init(void),"2,8125","0,8125",2,0,16,13,26,1,2,2,0,1,False
"static lv_opa_t antialias_get_opa_circ(lv_coord_t seg, lv_coord_t px_id, lv_opa_t opa)","3,2857144","2,2857144",1,0,21,12,12,4,4,1,0,0,True
"static void wordtree_compress(spellinfo_T * spin, wordnode_T * root)","1,4","0,4",1,0,30,6,6,2,2,1,0,1,True
void signal_init(void),"4,5","3,5",1,0,30,21,21,5,5,5,0,1,True
"static void f_resolve(typval_T * argvars, typval_T * rettv, FunPtr fptr)","6,0610237","3,8110237","1,5","0,75",127,121,360,4,6,3,3,2,True
"void os_copy_fullenv(char * * env, size_t env_size)","5,886364","3,6363637","1,5","0,75",33,30,50,4,6,3,3,2,True
"static uint8_t * command_line_enter(int firstc, long count, int indent)","1,0146341","0,014634146",1,0,205,3,3,1,1,1,0,1,False
void hash_debug_results(void),"1,75","0,75",1,0,12,9,9,1,1,1,0,0,False
"char * vim_strsave_fnameescape(const char * const fname, const bool shell) FUNC_ATTR_NONNULL_RET FUNC_ATTR_MALLOC FUNC_ATTR_NONNULL_ALL",3,"1,5","1,5",0,32,24,37,2,3,2,0,1,True
"static void exit_cb(uv_process_t * handle, int64_t status, int term_signal)","1,3333334","0,33333334",1,0,9,3,3,1,1,1,0,0,False
void signal_teardown(void),"1,8571429","0,85714287",1,0,14,6,6,2,2,2,0,0,False
static time_t swapfile_info(char_u * fname),"1,2666667","0,26666668",1,0,75,10,10,2,2,1,0,0,False
"static bool v_do_log_to_file(FILE * log_file, int log_level, const char * context, const char * func_name, int line_num, bool eol, const char * fmt, va_list args)","1,117647","0,11764706",1,0,51,6,6,1,1,1,0,1,False
char * os_getenvname_at_index(size_t index),"6,023585","3,7735848","1,5","0,75",53,50,79,4,6,3,3,2,True
"int readfile(char_u * fname, char_u * sfname, linenr_T from, linenr_T lines_to_skip, linenr_T lines_to_read, exarg_T * eap, int flags)","7,3187876","5,9021206","1,0833334","0,33333334",1226,201,275,36,39,11,12,7,True
"static void f_debugbreak(typval_T * argvars, typval_T * rettv, FunPtr fptr)","2,5",1,"1,5",0,20,10,14,2,3,2,0,1,False
"static void f_getftype(typval_T * argvars, typval_T * rettv, FunPtr fptr)","13,828571","11,4","1,1428572","1,2857143",70,57,159,14,16,13,18,2,True
"bool loop_close(Loop * loop, bool wait)","1,9736842","0,47368422","1,5",0,38,9,17,2,3,2,0,1,False
static wordnode_T * get_wordnode(spellinfo_T * spin),"1,2352941","0,23529412",1,0,17,4,4,1,1,1,0,0,False
"int setfname(buf_T * buf, char_u * ffname, char_u * sfname, bool message)","1,0576923","0,057692308",1,0,52,3,3,1,1,1,0,0,False
"void ExpandOldSetting(int * num_file, char_u * * * file)","1,3793104","0,37931034",1,0,29,11,11,1,1,1,0,0,False
void lang_init(void),"4,8","2,8",1,1,45,42,51,3,3,3,3,0,True
static void command_line_scan(mparm_T * parmp),"1,0275862","0,027586207",1,0,435,6,6,2,2,2,0,0,False
int vim_ispathsep(int c),"5,25",3,"1,5","0,75",12,9,26,4,6,3,3,2,True
"int open_buffer(int read_stdin, exarg_T * eap, int flags)","2,8204722","1,2204725",1,"0,6",127,31,41,5,5,4,3,0,True
char * get_mess_lang(void),"5,25",3,"1,5","0,75",20,15,34,4,6,3,3,2,True
size_t os_get_fullenv_size(void),"5,509259","3,2592592","1,5","0,75",27,22,42,4,6,3,3,2,True
void init_homedir(void),"2,6666665","1,6666666",1,0,54,45,45,2,2,2,0,0,False
"static void st_error(int * postfix, int * end, int * p)","5,828947","3,5789473","1,25",1,38,34,67,4,5,3,4,1,True
int os_set_cloexec(const int fd),"1,8181818","0,8181818",1,0,22,18,18,1,1,1,0,0,False
char_u * get_past_head(const char_u * path),"1,3846154","0,3846154",1,0,13,5,5,1,1,1,0,0,False
void set_init_1(void),"4,135928","2,035928","1,8","0,3",167,34,71,10,18,6,3,5,True
static int qf_get_nextline(qfstate_T * state),"1,1666666","0,16666667",1,0,30,5,5,1,1,1,0,0,False
"void ExpandEscape(expand_T * xp, char_u * str, int numfiles, char_u * * files, int options)","2,0507247","0,7173913","1,3333334",0,46,11,16,3,4,2,0,1,False
static int cs_create_connection(size_t i),"11,245198","9,06338","1,4545455","0,72727275",142,117,207,11,16,4,8,4,True
"int os_proc_children(int ppid, int * * proc_list, size_t * proc_count)","12,704348","8,804348","2,5","1,4",92,81,354,10,25,7,14,8,True
void simplify_filename(char_u * filename),"1,0363636","0,036363635",1,0,110,4,4,1,1,1,0,0,False
"bool msgpack_rpc_to_object(const msgpack_object * const obj, Object * const arg) FUNC_ATTR_NONNULL_ALL","1,7711865","0,27118644","1,5",0,177,12,20,4,6,2,0,2,False
"char_u * string_convert_ext(const vimconv_T * const vcp, char_u * ptr, size_t * lenp, size_t * unconvlenp)","1,0420169","0,042016808",1,0,119,5,5,1,1,1,0,0,False
"static void cs_release_csp(size_t i, int freefnpp)","8,311688","5,4545455","1,4285715","1,4285715",77,60,130,7,10,5,10,3,True
int os_nodetype(const char * name) FUNC_ATTR_NONNULL_ALL,"4,4","2,7333333","1,3333334","0,33333334",45,41,74,3,4,3,1,3,True
bool terminfo_is_bsd_console(const char * term),"4,3846154","1,3846154","2,5","0,5",13,9,39,2,5,4,1,0,True
void u_blockfree(buf_T * buf),"1,2727273","0,27272728",1,0,11,3,3,1,1,1,0,1,False
"static int path_to_absolute(const char_u * fname, char_u * buf, size_t len, int force)","1,1388888","0,1388889",1,0,36,5,5,1,1,1,0,0,False
char * fix_fname(const char * fname),"5,15","3,4","1,25","0,5",20,17,39,4,5,4,2,1,True
"int path_fnamencmp(const char * const fname1, const char * const fname2, size_t len) FUNC_ATTR_NONNULL_ALL FUNC_ATTR_PURE FUNC_ATTR_WARN_UNUSED_RESULT","3,1551723","1,6551725","1,5",0,29,24,31,2,3,2,0,1,False
"static char_u * efmpat_to_regpat(const char_u * efmpat, char_u * regpat, efm_T * efminfo, int idx, int round, char_u * errmsg, size_t errmsglen) FUNC_ATTR_NONNULL_ALL","1,1153846","0,115384616",1,0,52,6,6,1,1,1,0,0,False
extern uint64_t tuklib_physmem(void),"24,349722","12,195876","11,153846",1,97,91,1183,13,145,14,13,66,True
unsigned __stdcall #else void #endif ptw32_threadStart(void * vthreadParms),"18,462828","14,756945","2,8235295","0,88235295",144,125,487,17,48,10,15,15,True
"void ptw32_throw(DWORD exception) #if defined(__CLEANUP_CXX) throw(ptw32_exception_cancel, ptw32_exception_exit) #endif","13,254974","9,671641","2,5","1,0833334",67,54,228,12,30,9,13,9,True
INLINE #endif DWORD ptw32_relmillisecs(const struct timespec * abstime),"12,078788","4,7454543",4,"3,3333333",55,29,139,9,36,6,30,6,True
void RTMP_TLS_Init(RTMP * r),"11,851351","5,3513513","3,5",3,37,33,173,6,21,6,18,10,True
double AMF_DecodeNumber(const char * data),"10,0986395","5,265306","2,8333333",2,49,43,251,6,17,5,12,3,True
"char * AMF_EncodeNumber(char * output, char * outend, double dVal)","9,991228","5,1578946","2,8333333",2,57,49,287,6,17,5,12,3,True
void RTMP_TLS_LoadCerts(RTMP * r),"8,570895","3,8208954","2,5","2,25",67,64,209,4,10,5,9,3,True
void os_set_thread_name(const char * name),"7,8333335","5,3333335","1,5",1,27,24,67,6,9,3,6,3,True
extern uint32_t tuklib_cpucores(void),"6,8461537","3,846154","2,4","0,6",26,20,69,5,12,5,3,4,True
void * canceledThread(void * arg),"6,7536235","2,0869565","3,3333333","1,3333334",23,16,46,3,10,4,4,6,True
void * exceptionedThread(void * arg),"6,7066665","2,04","3,3333333","1,3333334",25,17,46,3,10,4,4,6,True
static bool load_libvlc_module(void),"5,8397436","3,5897436","1,5","0,75",39,35,65,4,6,3,3,2,True
"int RTMP_Connect1(RTMP * r, RTMPPacket * cp)","5,5444446","2,9444444","1,8","0,8",90,53,155,5,9,4,4,4,True
bool obs_module_load(void),"4,666667","2,6666667","1,25","0,75",33,22,41,4,5,4,3,2,True
"int xnu_attach(RDebug * dbg, int pid)","6,5238094","4,5238094","1,4","0,6",21,19,38,5,7,4,3,3,True
R_API void r_debug_trace_reset(RDebug * dbg),"1,4","0,4",1,0,10,4,4,1,1,1,0,0,False
"static RDebugReasonType r_debug_native_wait(RDebug * dbg, int pid) #3","41,596428","30,625","3,9714286",7,104,91,403,35,139,25,245,71,True
"R_API int r_sandbox_system(const char * x, int n)","7,6354837","4,435484","1,4","1,8",62,55,162,5,7,4,9,2,True
"R_API void r_mem_memzero(void * dst, size_t l)","8,085714","4,285714","2,2","1,6",14,12,51,5,11,4,8,4,True
local void tr_static_init(),"4,85","2,85","1,3333334","0,6666667",60,57,124,3,4,3,2,1,True
"R_API ut64 r_num_get(RNum * num, const char * str)","1,0136364","0,013636364",1,0,220,3,3,1,1,1,0,0,False
R_API char * r_sys_pid_to_path(int pid),"10,310925","6,882353","2,2857144","1,1428572",119,117,277,7,16,5,8,7,True
R_API void r_cons_set_utf8(bool b),5,"2,6666667","1,3333334",1,27,24,33,3,4,3,3,1,True
R_API int r_sys_clearenv(void),"8,77957","5,612903","1,8333334","1,3333334",31,29,95,6,11,5,8,5,True
R_API int r_sys_sleep(int secs),"5,2051287","2,5384617","2,6666667",0,13,11,31,3,8,3,0,3,False
"R_API int r_debug_continue_kill(RDebug * dbg, int sig)","4,234286","2,52","1,5714285","0,14285715",125,45,74,7,11,4,1,2,True
"static int handle_redirection(const char * cmd, bool in, bool out, bool err)","5,7058825","3,7058825","1,5714285","0,42857143",68,36,60,7,11,6,3,4,True
"static bool xnu_fill_info_thread(RDebug * dbg, xnu_thread_t * thread)","5,9256754","3,6756756","1,5","0,75",37,34,91,4,6,3,3,2,True
"R_API int r_core_cmd_pipe(RCore * core, char * radare_cmd, char * shell_cmd)","6,766667","3,6000001","2,3333333","0,8333333",75,45,92,6,14,4,5,6,True
"static bool r_debug_gcore(RDebug * dbg, RBuffer * dest)","8,63077","4,230769","3,8","0,6",13,11,85,5,19,8,3,4,True
R_API RThreadSemaphore * r_th_sem_new(unsigned int initial),"5,817073","3,317073","1,75","0,75",41,34,88,4,7,4,3,2,True
static int sp_open(struct gport * port),"6,1683674","3,9183674","1,5","0,75",98,96,137,4,6,3,3,2,True
"int linux_reg_write(RDebug * dbg, int type, const ut8 * buf, int size)","9,110119","5,395833","3,7142856",0,48,37,130,7,26,10,0,6,True
static void trace_me(void),"7,328947","3,5789473",3,"0,75",19,17,66,4,12,3,3,10,True
"static RIODesc * __open(RIO * io, const char * file, int rw, int mode)","3,7848837","1,5348837","2,25",0,86,33,75,4,9,3,0,3,True
"static int fork_and_ptraceme(RIO * io, int bits, const char * cmd) #2","5,522727","3,2727273","1,5","0,75",11,9,22,4,6,3,3,2,True
"void ZLIB_INTERNAL inflate_fast(strm, start) z_streamp strm; unsigned start;","1,516129","0,516129",1,0,248,32,32,4,4,2,0,0,False
"local unsigned read_buf(strm, buf, size) z_streamp strm; Bytef * buf; unsigned size;","1,2272727","0,22727273",1,0,22,5,5,1,1,1,0,0,False
"static int do_target_signal_to_host(enum target_signal oursig, int * oursig_ok)","52,964706","51,764706","1,1454545","0,054545455",238,224,265,55,63,56,3,1,True
local void make_crc_table(),"3,0402298","1,7068965",1,"0,33333334",58,33,41,3,3,2,1,0,True
R_API RSocket * r_socket_new(bool is_ssl) #2,"3,1547618","1,8214285",1,"0,33333334",28,17,24,3,3,3,1,0,True
"R_API bool r_socket_connect(RSocket * s, const char * host, const char * port, int proto, unsigned int timeout) #2","9,232767","6,804196","1,5714285","0,85714287",143,139,284,7,11,5,6,3,True
static bool checkExtract(),3,"1,5","1,5",0,12,9,15,2,3,2,0,1,False
"static int r_debug_native_bp(RBreakpoint * bp, RBreakpointItem * b, bool set)","6,857143","2,857143","3,75","0,25",21,15,85,4,15,7,1,3,True
"int ZEXPORT deflateSetDictionary(strm, dictionary, dictLength) z_streamp strm; const Bytef * dictionary; uInt dictLength;","1,05","0,05",1,0,60,3,3,1,1,1,0,1,False
R_API bool r_sys_aslr(int val),"4,9195404","2,586207",2,"0,33333334",29,25,71,3,6,5,1,1,True
void grub_abort(void),"1,25","0,25",1,0,12,3,3,1,1,1,0,1,False
R_API bool r_sandbox_enable(bool e),"3,7463768","2,4130435",1,"0,33333334",46,37,60,3,3,3,1,0,True
static char * r_debug_native_reg_profile(RDebug * dbg),"18,266666","10,266666","4,909091","3,090909",30,28,254,11,54,11,34,19,True
"static int r_debug_native_reg_write(RDebug * dbg, int type, const ut8 * buf, int size)","17,54697","12,613636","3,9333334",1,44,37,221,15,59,7,15,23,True
char * linux_reg_profile(RDebug * dbg),"19,435898","10,435898","7,818182","1,1818181",39,37,479,11,86,11,13,38,True
"static void setASLR(RRunProfile * r, int enabled)","9,287879","5,4545455","3,1666667","0,6666667",22,20,73,6,19,6,4,8,True
R_API RThreadLock * r_th_lock_new(bool recursive),"6,409091","2,909091","2,25","1,25",22,16,38,4,9,5,5,4,True
"static bool rc6_init(struct rc6_state * const state, const ut8 * key, int keylen, int direction)","1,9649123","0,6315789","1,3333334",0,38,8,12,3,4,2,0,1,False
"SDB_API bool sdb_json_set(Sdb * s, const char * k, const char * p, const char * v, ut32 cas)","1,03125","0,03125",1,0,128,4,4,1,1,1,0,1,False
"R_API int r_sys_truncate(const char * file, int sz)","5,9300003","3,68","1,5","0,75",25,23,39,4,6,3,3,2,True
R_API int r_th_lock_leave(RThreadLock * thl),"3,5","1,5",2,0,8,6,15,2,4,3,0,1,False
"void ZLIB_INTERNAL _tr_flush_block(s, buf, stored_len, last) deflate_state * s; charf * buf; ulg stored_len; int last;","3,3008657","2,0151515","1,2857143",0,66,19,27,7,9,4,0,2,True
R_API int r_run_config_env(RRunProfile * p),"13,1328125","11,1328125","1,8947369","0,10526316",256,150,230,19,36,8,2,13,True
"static int update_self_regions(RIO * io, int pid)","10,658576","5,8252425","3,6666667","1,1666666",103,100,530,6,22,5,7,11,True
R_API bool r_socket_is_connected(RSocket * s) #2,"5,9300003","3,68","1,5","0,75",25,23,46,4,6,3,3,2,True
R_API void r_th_sem_free(RThreadSemaphore * sem),"5,166667","2,6666667","1,75","0,75",18,12,30,4,7,4,3,2,True
"bool cdb_init(struct cdb * c, int fd)","3,8157895","2,3157895","1,5",0,38,22,36,4,6,2,0,2,False
uLong ZEXPORT zlibCompileFlags(),"14,17349","11,962963","1,3684211","0,84210527",81,51,140,19,26,19,16,4,True
"static bool xnu_thread_set_drx(RDebug * dbg, xnu_thread_t * thread)","13,761905","4,9285717","8,333333","0,5",56,46,372,6,50,12,3,13,True
static RList * r_debug_native_map_get(RDebug * dbg),"18,21692","11,633588","2,8333333","3,75",131,127,1008,12,34,7,45,20,True
R_API int r_sys_crash_handler(const char * cmd),"4,166667","2,5","1,3333334","0,33333334",18,15,23,3,4,3,1,3,True
"R_API int r_sys_run(const ut8 * buf, int len)","4,9591837","2,9591837","1,4","0,6",49,29,42,5,7,3,3,2,True
"R_API void * r_mem_mmap_resize(RMmap * m, ut64 newsize)","3,304348","1,3043479",2,0,23,15,26,2,4,3,0,1,False
static void print_fpu(void * f),"9,698051","6,840909",2,"0,85714287",88,86,305,7,14,4,6,5,True
"R_API bool r_th_getname(RThread * th, char * name, size_t len)","16,2","3,2","6,75","6,25",15,12,111,4,27,10,25,3,True
"int file_fsmagic(struct r_magic_set * ms, const char * fn, struct stat * sb)","16,407894","14,25","1,2105263","0,94736844",180,135,207,19,23,12,18,4,True
"R_API bool r_th_setname(RThread * th, const char * name)","17,28","5,2799997","6,1666665","5,8333335",25,22,197,6,37,8,35,10,True
"int linux_reg_read(RDebug * dbg, int type, ut8 * buf, int size)","16,266666","11,2","3,4","1,6666666",150,112,645,15,51,11,25,16,True
"static char * showfile(char * res, const int nth, const char * fpath, const char * name, int printfmt)","3,3417475","1,9417475","1,2","0,2",103,40,48,5,6,3,1,1,True
"static int bin_imports(RCore * r, int mode, int va, const char * name)","1,0420169","0,042016808",1,0,119,5,5,1,1,1,0,0,False
R_API RLang * r_lang_new(),"1,0967742","0,09677419",1,0,31,3,3,1,1,1,0,0,False
"static void gc_profile_dump_on(VALUE out, VALUE( * append)(VALUE, VALUE))","10,54232","8,724138",1,"0,8181818",87,69,102,11,11,5,9,0,True
"static int get_device_once(int * master, int * slave, char SlaveName[DEVICELEN], int nomesg, int fail)","21,877056","14,61039","4,4","2,8666666",154,150,1102,15,66,15,43,34,True
static inline uintptr_t count_utf8_lead_bytes_with_word(const uintptr_t * s),"4,098039","1,7647059",2,"0,33333334",17,10,33,3,6,4,1,1,True
"static inline int need_normalization(DIR * dirp, const char * path)","4,9848485","2,3181818","1,6666666",1,22,17,43,3,5,3,3,1,True
"static int quorem(Bigint * b, Bigint * S)","9,794637","7,8715596","1,3846154","0,53846157",109,66,166,13,18,4,7,5,True
static double getrusage_time(void),"6,4897957","4,4897957","1,4","0,6",49,44,67,5,7,6,3,1,True
"static ssize_t BSD_vfprintf(FILE * fp, const char * fmt0, va_list ap)","26,667582","24,417582","1,9090909","0,3409091",546,303,469,44,84,12,15,15,True
static VALUE socket_s_ip_address_list(VALUE self),"24,732052","11,815385","7,0833335","5,8333335",260,256,1931,12,85,12,70,35,True
"static void objspace_malloc_increase(rb_objspace_t * objspace, void * mem, size_t new_size, size_t old_size, enum memop_type type)","4,8848486","3,4848485",1,"0,4",66,46,56,5,5,3,2,0,True
static int check_tmpdir(const char * dir),"5,2","3,1999998","1,2","0,8",25,16,28,5,6,5,4,4,True
"static int cloexec_accept(int socket, struct sockaddr * address, socklen_t * address_len, int nonblock)","4,7372546","3,137255",1,"0,6",51,32,45,5,5,3,3,1,True
"char * rb_enc_path_skip_prefix(const char * path, const char * end, rb_encoding * enc)","4,25","2,25","1,3333334","0,6666667",20,15,43,3,4,2,2,0,True
"static rb_pid_t rb_spawn_process(struct rb_execarg * eargp, char * errmsg, size_t errmsg_buflen)","7,7","5,2","1,8333334","0,6666667",45,39,133,6,11,4,4,6,True
"static Bigint * d2b(double d_, int * e, int * bits)","20,598486","18,931818","1,2857143","0,3809524",132,119,210,21,27,6,8,12,True
"int dup2(int fd1, int fd2)","6,279412","3,5294118",2,"0,75",34,30,90,4,8,4,3,2,True
static VALUE etc_uname(VALUE obj),"8,476191","5,642857","1,6666666","1,1666666",84,79,115,6,10,5,7,4,True
COMPILER_WARNING_POP #endif void * dln_load(const char * file),"25,38954","18,179012","2,3157895","4,894737",162,155,817,19,44,16,93,21,True
"VALUE get_noatime_p(VALUE self, VALUE str)","7,5130434","3,9130435","1,4","2,2",23,18,43,5,7,6,11,1,True
static VALUE etc_nprocessors(VALUE obj),"5,25","2,25",2,1,24,18,45,3,6,4,3,4,True
static void rb_dump_machine_register(const ucontext_t * ctx),"8,764913","5,431579",2,"1,3333334",95,86,328,6,12,5,8,3,True
"static void check_stack_overflow(int sig, const uintptr_t addr, const ucontext_t * ctx)","13,315271","9,172414","2,642857","1,5",58,38,240,14,37,9,21,17,True
"static VALUE rb_str_crypt(VALUE str, VALUE salt)","5,1266847","3,6981132","1,2857143","0,14285715",53,28,40,7,9,4,1,2,True
"static struct tm * localtime_with_gmtoff_zone(const time_t * t, struct tm * result, long * gmtoff, VALUE * zone)","7,06","4,56","2,3333333","0,16666667",50,38,115,6,14,6,1,4,True
"double strtod(const char * s00, char * * se)","49,38188","47,45165","1,2325581","0,6976744",879,485,889,86,106,16,60,33,True
"static int get_stack(void * * addr, size_t * size)","19,475","13,541667","4,866667","1,0666667",72,65,511,15,73,11,16,29,True
"int main(int argc, char * * argv)","25,963564","20,930231","3,6","1,4333333",258,180,662,30,108,16,43,62,True
"static void objspace_xfree(rb_objspace_t * objspace, void * ptr, size_t old_size)","3,1451612","1,6451613",1,"0,5",62,51,97,2,2,2,1,0,True
static VALUE read_status(VALUE self),"6,525","4,125","1,6","0,8",40,33,72,5,8,5,4,3,True
"static int utime_internal(const char * path, void * arg) #1","6,0851064","4,0851064","1,1666666","0,8333333",47,32,49,6,7,4,5,1,True
"static nkf_char e_iconv(nkf_char c2, nkf_char c1, nkf_char c0)","3,1833332","1,85",1,"0,33333334",60,37,49,3,3,2,1,0,True
"static VALUE datetime_s_now(int argc, VALUE * argv, VALUE klass)","8,951613","6,4516134","2,25","0,25",93,50,197,12,27,6,3,10,True
void InitVM_process(void),"33,283226","31,764708","1,1851852","0,33333334",289,170,330,54,64,55,18,5,True
"static VALUE rb_file_socket_p(VALUE obj, VALUE fname)","9,04969","5,478261","1,4285715","2,142857",23,18,58,7,10,5,15,4,True
"static rb_uid_t obj2uid(VALUE id #if defined(USE_GETPWNAM_R), VALUE * getpw_tmp #endif)","4,4407406","3,2407405","1,2",0,54,35,39,5,6,2,0,3,True
"static VALUE ossl_engine_s_load(int argc, VALUE * argv, VALUE klass)","13,179311","11,379311",1,"0,8",58,44,80,15,15,15,12,1,True
void rb_vm_bugreport(const void * ctx),"6,8399124","5,506579","1,2222222","0,11111111",152,93,109,9,11,9,1,1,True
"void rb_vmdebug_debug_print_post(const rb_execution_context_t * ec, const rb_control_frame_t * cfp #if OPT_STACK_CACHING, VALUE reg_a, VALUE reg_b #endif)","5,337931","4,1379313",1,"0,2",29,24,33,5,5,2,1,0,True
static VALUE sockopt_inspect(VALUE self),"27,272278","25,772278","1,0526316","0,4473684",202,137,188,38,40,39,17,0,True
char * ruby_getcwd(void),"6,618605","4,418605","1,4","0,8",43,38,85,5,7,4,4,3,True
"static struct tm * rb_localtime_r(const time_t * t, struct tm * result)","5,8624997","4,0625","1,6","0,2",32,26,55,5,8,7,1,1,True
"static void mmswap_(register char * a, register char * b, mmargdecl)","7,3944445","3,1944444","2,2",2,36,23,73,5,11,2,10,5,True
static VALUE unixsock_path_value(VALUE path),"4,5438595","2,2105262","1,3333334",1,19,14,23,3,4,3,3,1,True
"static VALUE vm_exec_core(rb_execution_context_t * ec, VALUE initial) #1","12,231034","7,9310346","3,6","0,7",58,46,175,10,36,9,7,9,True
static double ulp(double x_),"4,8722224","3,472222",1,"0,4",36,25,43,5,5,3,2,4,True
"static inline VALUE newobj_init(VALUE klass, VALUE flags, VALUE v1, VALUE v2, VALUE v3, int wb_protected, rb_objspace_t * objspace, VALUE obj)","6,095238","4,666667","1,1428572","0,2857143",75,50,60,7,8,6,2,1,True
"static VALUE bsock_sendmsg_internal(VALUE sock, VALUE data, VALUE vflags, VALUE dest_sockaddr, VALUE controls, VALUE ex, int nonblock)","7,257143","5,857143","1,1","0,3",140,82,98,10,11,4,3,1,True
"VALUE rb_file_expand_path_internal(VALUE fname, VALUE dname, int abs_mode, int long_name, VALUE result)","13,658214","11,342424","1,3157895",1,330,197,321,19,25,8,19,3,True
"static int inspect_tcp_info(int level, int optname, VALUE data, VALUE ret)","47,893654","46,677967",1,"0,21568628",177,162,195,51,51,51,11,0,True
"void setproctitle(const char * fmt, ...)","9,333333","4,3333335","2,8","2,2",30,26,135,5,14,5,11,2,True
"static void mmrot3_(register char * a, register char * b, register char * c, mmargdecl)","7,4857144","3,2857144","2,2",2,35,23,73,5,11,2,10,5,True
"VALUE get_fsname(VALUE self, VALUE str)","4,1979165","2,53125",1,"0,6666667",32,27,45,3,3,3,2,0,True
"static inline const char * search_nonascii(const char * p, const char * e)","14,740541","10,540541","2,6666667","1,5333333",74,52,172,15,40,7,23,12,True
static VALUE etc_systmpdir(VALUE _),"6,8859644","5,0526314","1,1666666","0,6666667",38,32,78,6,7,5,4,3,True
static bool init_header_filename(void),"9,822916","8,15625","1,3333334","0,33333334",96,87,143,9,12,4,3,5,True
static VALUE locale_charmap(VALUE( * conv)(const char *)),"6,29","3,04",3,"0,25",25,19,63,4,12,4,1,3,True
"static Bigint * mult(Bigint * a, Bigint * b)","6,8787885","4,878788","1,4285715","0,5714286",99,69,188,7,10,3,4,3,True
static void coroutine_flush_register_windows() #1,"6,5499997","3,75","2,2","0,6",16,12,45,5,11,5,3,2,True
"static rb_iseq_t * ibf_load_iseq(const struct ibf_load * load, const rb_iseq_t * index_iseq)","5,73","4,48","1,125","0,125",50,28,37,8,9,3,1,3,True
void Init_openssl(void),"9,481644","6,943182","1,7692307","0,7692308",88,47,174,13,23,10,10,11,True
"static Bigint * diff(Bigint * a, Bigint * b)","6,0000005",4,"1,4285715","0,5714286",84,48,128,7,10,3,4,3,True
void rb_sparc_flush_register_windows(void),"6,785714","4,285714",2,"0,5",21,15,48,6,12,5,3,3,True
static const char * nkf_locale_charmap(void),"7,8",4,"2,8",1,25,20,124,5,14,5,5,6,True
"st_table * st_init_table_with_size(const struct st_hash_type * type, st_index_t size)","4,722222","3,5555556",1,"0,16666667",54,32,38,6,6,2,1,4,True
"static VALUE rb_file_symlink_p(VALUE obj, VALUE fname)","9,171429","5,6","1,4285715","2,142857",25,20,60,7,10,5,15,4,True
static VALUE runtime_libruby_path(void),"8,813725","5,647059","2,5","0,6666667",68,64,229,6,15,5,4,4,True
"static int chfunc(void * data, char * errbuf, size_t errbuf_len)","8,26","5,76","1,625","0,875",50,36,117,8,13,8,7,3,True
static void * nogvl_opendir_at(void * ptr),"4,0303035","2,3636365","1,3333334","0,33333334",33,26,35,3,4,3,1,1,True
void rb_print_backtrace(void),"8,884615","3,3846154","3,25","2,25",26,22,97,4,13,7,9,4,True
"st_index_t st_hash(const void * ptr, size_t len, st_index_t h)","19,785713","17,285713","1,5909091","0,90909094",126,99,230,22,35,7,20,10,True
"static VALUE fiddle_handle_sym(void * handle, VALUE symbol)","8,005377","4,83871",2,"1,1666666",62,50,105,6,12,6,7,2,True
static void set_pioinfo_extra(void),"12,034188","6,923077","2,3333333","2,7777777",65,50,136,9,21,4,25,4,True
"static int numeric_getaddrinfo(const char * node, const char * service, const struct addrinfo * hints, struct addrinfo * * res)","4,410569","2,7439024",1,"0,6666667",82,75,105,3,3,3,2,0,True
void ruby_init_loadpath(void),"9,795257","6,573034","1,7777778","1,4444444",89,65,118,9,16,5,13,8,True
static void assert_close_on_exec(int fd),"7,333333","2,3333335","2,6666667","2,3333333",18,14,56,3,8,5,7,1,True
"static void cont_restore_0(rb_context_t * cont, VALUE * addr_in_prev_frame)","10,862627","9,044445","1,2727273","0,54545456",45,37,61,11,14,3,6,6,True
static void set_input_encoding(nkf_encoding * enc),"9,980533","8,918033",1,"0,0625",122,68,73,16,16,4,1,0,True
"void ruby_setenv(const char * name, const char * value)","14,1080885","10,653543","2,5454545","0,90909094",127,123,552,11,28,9,10,12,True
"void * ruby_xcalloc(size_t n, size_t size)","1,4444444","0,44444445",1,0,9,4,4,1,1,1,0,0,False
"static sighandler_t ruby_signal(int signum, sighandler_t handler)","6,6666675","4,666667","1,4285715","0,5714286",63,42,74,7,10,5,4,2,True
"void f_has(typval_T * argvars, typval_T * rettv)","219,72476","217,86374","1,8247734","0,036253776",1299,855,1864,331,604,150,12,193,True
"int win_line(win_T * wp, linenr_T lnum, int startrow, int endrow, int nochange UNUSED, int number_only)","111,04417","109,54417","1,1573033","0,34269664",2400,1477,1949,178,206,23,61,12,True
void list_version(void),"65,24333","53,4403","2,4545455","9,348485",268,217,1236,66,162,37,617,92,True
"char * did_set_string_option(int opt_idx, char_u * * varp, int new_value_alloced, char_u * oldval, char * errbuf, int opt_flags, int * value_checked)","45,85132","44,39079","1,1842105","0,27631578",1433,837,1054,76,90,51,21,3,True
"int #else static int #endif RealWaitForChar(int fd, long msec, int * check_for_gpm UNUSED, int * interrupted)","38,838814","36,8125","1,1578947","0,8684211",288,279,663,38,44,15,33,7,True
int vim_main2(void),"38,565285","35,343063","1,3888888","1,8333334",274,269,564,36,50,23,66,7,True
void set_init_1(int clean_arg),"37,93618","33,238506",2,"2,6976745",348,269,739,43,86,22,116,23,True
"int find_tags(char_u * pat, int * num_matches, char_u * * * matchesp, int flags, int mincount, char_u * buf_ffname)","36,029102","34,870373","1,0793651","0,07936508",972,538,570,63,68,7,5,5,True
"static void find_replace_dialog_create(char_u * arg, int do_replace)","29,323036","27,681528","1,6226416","0,018867925",314,164,335,53,86,2,1,30,True
"int check_termcode_mouse(char_u * tp, int * slen, char_u * key_name, char_u * modifiers_start, int idx, int * modifiers)","28,64758","25,94758","1,4333333","1,2666667",496,429,1138,30,43,14,38,6,True
"static char * set_bool_option(int opt_idx, char_u * varp, int value, int opt_flags)","28,35264","27,07059","1,0256411","0,25641027",425,295,351,39,40,25,10,0,True
static char_u * get_varp(struct vimoption * p),"26,96862","25,84362","1,075","0,05",243,157,175,40,43,26,2,0,True
int gui_mch_init(void),"26,21328","24,572254","1,2051282","0,43589744",346,218,338,39,47,13,17,13,True
"char_u * vim_tempname(int extra_char UNUSED, int keep UNUSED)","25,882011","21,06383","1,9545455","2,8636363",141,135,550,22,43,9,63,17,True
"static int gui_outstr_nowrap(char_u * s, int len, int flags, guicolor_T fg, guicolor_T bg, int back)","24,026646","21,793312","1,3666667","0,8666667",329,239,462,30,41,11,26,8,True
"int #if defined(MSWIN) VimMain #else main #endif(int argc, char * * argv)","23,054188","21,571428","1,3793104","0,10344828",203,151,251,29,40,21,3,4,True
static void usage(void),"21,90811","20,108109","1,2","0,6",185,124,188,30,36,26,18,3,True
"int check_termcode(int max_offset, char_u * buf, int bufsize, int * buflen)","21,622147","19,9683","1,0384616","0,61538464",694,533,676,26,27,15,16,2,True
"int do_cmdline(char_u * cmdline, char_u *( * fgetline)(int, void *, int, int), void * cookie, int flags)","20,465721","19,234951","1,1153846","0,115384616",515,381,412,26,29,3,3,3,True
void gui_init(void),"19,864115","17,831858","1,3225807","0,7096774",226,130,242,31,41,20,22,6,True
"int mch_call_shell(char_u * cmd, int options)","19,363401","17,113401","1,25",1,194,166,332,20,25,4,20,7,True
int set_termname(char_u * term),"18,780985","17,388128","1,2142857","0,17857143",219,136,200,28,34,11,5,2,True
static int cs_create_connection(int i),"18,16087","15,76087","1,65","0,75",184,145,264,20,33,7,15,8,True
long_u mch_total_mem(int special UNUSED),"18,115154","15,70339","1,4117647",1,118,109,221,17,24,13,17,5,True
"int mf_sync(memfile_T * mfp, int flags)","16,949581","9,714286","2,2941177","4,9411764",105,60,334,17,39,17,84,13,True
void ex_mkrc(exarg_T * eap),"16,80027","15,589744","1,1052631","0,10526316",195,160,177,19,21,6,2,1,True
void check_mouse_termcode(void),"16,20229","14,702291",1,"0,5",131,107,134,18,18,9,9,0,True
void check_buf_options(buf_T * buf),"15,839175","14,639175","1,15","0,05",97,71,84,20,23,16,1,0,True
void free_all_mem(void),"15,474074","14,400001","1,037037","0,037037037",165,88,94,27,28,24,1,0,True
void mch_settmode(int tmode),"15,397273","12,012658","1,4615384","1,9230769",79,73,167,13,19,9,25,7,True
"void free_buf_options(buf_T * buf, int free_p_ff)","15,307142","14,107142","1,15","0,05",112,79,92,20,23,16,1,0,True
static void early_arg_scan(mparm_T * parmp UNUSED),"15,157408","11,407408","1,5833334","2,1666667",81,77,356,12,19,7,26,4,True
void set_init_3(void),"14,666479","12,051095","1,2307693","1,3846154",137,127,283,13,16,5,18,2,True
"void copy_winopt(winopt_T * from, winopt_T * to)","14,427206","13,364706",1,"0,0625",85,71,75,16,16,12,1,0,True
"int do_source(char_u * fname, int check_other, int is_vimrc, int * ret_sid UNUSED)","14,40315","13,084968","1,1363636","0,18181819",306,182,222,22,25,6,4,3,True
"static LRESULT CALLBACK _WndProc(HWND hwnd, UINT uMsg, WPARAM wParam, LPARAM lParam)","14,351497","12,645614","1,2352941","0,47058824",285,212,420,17,21,8,8,1,True
"void gui_drag_scrollbar(scrollbar_T * sb, long value, int still_dragging)","14,035806","12,565217","1,2941177","0,1764706",161,119,159,17,22,8,3,5,True
void mch_errmsg(char * str),"13,969697","10,333333",2,"1,6363636",66,62,225,11,22,8,18,6,True
char_u * vim_findfile(void * search_ctx_arg),"13,859523","12,716666","1,0476191","0,0952381",360,218,227,21,22,3,2,1,True
"int mch_inchar(char_u * buf UNUSED, int maxlen UNUSED, long time UNUSED, int tb_change_cnt UNUSED)","13,779411","11,529411","1,3333334","0,9166667",204,196,448,12,16,5,11,4,True
"static int WaitForCharOrMouse(long msec, int * interrupted, int ignore_input)","13,594595","11,594595","1,3076923","0,6923077",74,66,165,13,17,5,9,2,True
"void main_loop(int cmdwin, int noexmode)","13,3593445","12,272388","1,0434783","0,04347826",268,143,170,23,24,15,1,0,True
static int startup_mzscheme(void),"12,965046","11,393617","1,1428572","0,42857143",188,153,233,14,16,8,6,4,True
void fill_input_buf(int exit_on_error UNUSED),"12,936363","9,636363","1,7","1,6",110,106,418,10,17,8,16,3,True
"static char_u * findswapname(buf_T * buf, char_u * * dirp, char_u * old_fname)","12,803487","11,453487","1,15","0,2",344,197,282,20,23,12,4,3,True
"void expand_env_esc(char_u * srcp, char_u * dst, int dstlen, int esc, int one, char_u * startstr)","12,607504","10,051949","1,7222222","0,8333333",231,129,384,18,31,10,15,4,True
"static int pum_set_selected(int n, int repeat UNUSED)","12,088345","9,934498","1,3076923","0,84615386",229,175,229,13,17,3,11,1,True
void mch_msg(char * str),"12,027027","8,027027","2,1111112","1,8888888",37,33,154,9,19,8,17,5,True
void set_normal_colors(void),"11,772388","7,522388","1,75","2,5",67,63,167,8,14,6,20,0,True
static RETSIGTYPE deathtrap SIGDEFARG(sigarg),"11,667027","10,137615","1,0588236","0,47058824",109,65,94,17,18,12,8,1,True
"static void init_default_colors(term_T * term, win_T * wp)","11,590226","8,947369","1,6428572",1,133,85,232,14,23,7,14,3,True
vim_acl_T mch_get_acl(char_u * fname UNUSED),"11,442856","6,2999997",2,"3,142857",60,54,393,7,14,5,22,7,True
void mch_setmouse(int on),"11,348119","9,963504","1,1538461","0,23076923",137,105,121,13,15,11,3,1,True
"int mch_libcall(char_u * libname, char_u * funcname, char_u * argstring, int argint, char_u * * string_result, int * number_result)","11,258468","9,787879","1,2941177","0,1764706",132,76,116,17,22,5,3,5,True
"static void set_child_environment(long rows, long columns, char * term, int is_terminal UNUSED)","11,240787","9,513514","1,1818181","0,54545456",74,64,134,11,13,5,6,2,True
"static void hl_do_font(int idx, char_u * arg, int do_normal, int do_menu UNUSED, int do_tooltip UNUSED, int free_font)","11,157576","8,066667","1,4545455","1,6363636",75,55,158,11,16,8,18,2,True
"void do_shell(char_u * cmd, int flags)","11,001625","9,268292","1,2666667","0,46666667",123,76,131,15,19,7,7,3,True
int gui_init_check(void),"10,733335","8,333334","1,6","0,8",81,45,107,15,24,13,12,7,True
int gui_get_base_height(void),"10,685715","6,6857142","1,8888888","2,1111112",35,26,105,9,17,9,19,2,True
"void mch_set_acl(char_u * fname UNUSED, vim_acl_T aclent)","10,233767","5,090909",2,"3,142857",22,16,86,7,14,5,22,7,True
void mch_free_acl(vim_acl_T aclent),"10,233767","5,090909",2,"3,142857",22,16,86,7,14,5,22,7,True
static void ex_winpos(exarg_T * eap),"9,89693","4,7719297",3,"2,125",57,34,109,8,24,5,17,4,True
static void check_winopt(winopt_T * wop UNUSED),"9,880488","8,780488",1,"0,1",41,36,40,10,10,9,1,0,True
void clear_winopt(winopt_T * wop UNUSED),"9,880488","8,780488",1,"0,1",41,36,40,10,10,9,1,0,True
"int mch_expandpath(garray_T * gap, char_u * pat, int flags)","9,83354","8,39604","1,25","0,1875",101,53,74,16,20,4,3,5,True
"char_u * vim_getenv(char_u * name, int * mustfree)","9,65678","8,40678","1,1666666","0,083333336",177,124,165,12,14,6,1,2,True
"void mch_delay(long msec, int ignoreinput)","9,6","6,6000004","1,5555556","1,4444444",60,44,128,9,14,5,13,7,True
char_u * FullPathFromFSSpec_save(FSSpec file),"9,2713175","7,604651","1,2222222","0,44444445",129,109,199,9,11,2,4,3,True
"static void f_environ(typval_T * argvars UNUSED, typval_T * rettv)","9,092064","6,377778","1,4285715","1,2857143",45,41,78,7,10,3,9,4,True
void mch_free_mem(void),"9,075","7,2","1,375","0,5",40,36,77,8,11,7,4,1,True
"int ui_get_winpos(int * x, int * y, varnumber_T timeout UNUSED)","9,02353","3,8235295","3,4","1,8",17,13,68,5,17,6,9,6,True
"static void channel_gui_unregister_one(channel_T * channel UNUSED, ch_part_T part UNUSED)",9,"4,2","2,4","2,4",25,21,97,5,12,5,12,2,True
"static void channel_gui_register_one(channel_T * channel, ch_part_T part UNUSED)","8,930435","4,1304345","2,4","2,4",46,38,196,5,12,5,12,2,True
static void nv_zet(cmdarg_T * cap),"8,920079","7,7662334",1,"0,15384616",385,230,247,13,13,6,2,0,True
void ex_splitview(exarg_T * eap),"8,69697","7,3333335","1,1818181","0,18181819",102,68,81,11,13,4,2,0,True
int vim_ispathsep(int c),"8,666667","4,666667","1,8333334","2,1666667",18,14,63,6,11,4,13,5,True
void gui_gtk_register_stock_icons(void),"8,561905","4,7619047","2,2","1,6",84,80,314,5,11,3,8,6,True
"void scrollup(long line_count, int byfold UNUSED)","8,352657","6,130435","1,2222222",1,69,47,114,9,11,2,9,0,True
"static void cs_release_csp(int i, int freefnpp)","8,229237","5,372093","1,4285715","1,4285715",86,66,142,7,10,5,10,3,True
"void gui_mch_add_menu_item(vimmenu_T * menu, int idx)","8,125",6,"1,375","0,75",96,72,128,8,11,3,6,4,True
static void im_preedit_window_open(),"8,036061","4,893204","2,857143","0,2857143",103,72,206,7,20,3,2,6,True
void simplify_filename(char_u * filename),"8,006666","5,84","1,1666666",1,150,146,192,6,7,5,6,2,True
"int ui_inchar(char_u * buf, int maxlen, long wtime, int tb_change_cnt)","8,001587","6,5571427","1,2222222","0,22222222",70,51,87,9,11,6,2,2,True
void gui_start(char_u * arg UNUSED),"7,976812","6,376812","1,2","0,4",69,44,63,10,12,6,4,0,True
"static void catch_signals(RETSIGTYPE( * func_deadly)(), RETSIGTYPE( * func_other)())","7,8725486","3,7058823","2,5","1,6666666",34,21,93,6,15,6,10,3,True
void init_mappings(void),"7,7380953","3,2380953","2,25","2,25",21,17,78,4,9,4,9,1,True
"void f_resolve(typval_T * argvars, typval_T * rettv)","7,5509806","5,717647","1,3333334","0,5",170,162,457,6,8,3,3,2,True
static int ensure_ruby_initialized(void),"7,464286","5,714286","1,375","0,375",49,35,51,8,11,5,3,2,True
int gui_mch_init(void),"7,431707","5,731707","1,3","0,4",164,94,169,10,13,7,4,4,True
static void gui_position_components(int total_width UNUSED),"7,25","4,375","2,625","0,25",64,35,113,8,21,12,2,2,True
void gui_x11_create_widgets(void),"7,072485","5,822485",1,"0,25",169,123,129,8,8,5,2,1,True
"static long_u * insecure_flag(int opt_idx, int opt_flags)","7,0714283","4,0714283","1,6666666","1,3333334",28,19,45,6,10,6,8,0,True
"void gui_mch_clear_block(int row1arg, int col1arg, int row2arg, int col2arg)","7,020408","5,020408","1,5","0,5",49,41,74,6,9,2,3,3,True
void mch_suspend(void),"6,8857145","4,285714","1,8","0,8",28,24,69,5,9,6,4,3,True
"void gui_mch_invert_rectangle(int r, int c, int nr, int nc)","6,859756","3,609756",2,"1,25",41,37,71,4,8,4,5,2,True
"static void set_file_time(char_u * fname, time_t atime, time_t mtime)","6,853846","3,653846","1,8","1,4",26,19,75,5,9,5,7,2,True
"static void f_remote_peek(typval_T * argvars UNUSED, typval_T * rettv)","6,8","4,6","1,4","0,8",50,46,75,5,7,3,4,2,True
static void prepare_server(mparm_T * parmp),"6,782353","3,3823528","1,4",2,34,23,59,5,7,5,10,1,True
void out_str_cf(char_u * s),"6,611111","4,7777777","1,3333334","0,5",54,43,66,6,8,4,3,2,True
void python_end(void),"6,564516","4,064516","1,5",1,31,21,51,6,9,3,6,3,True
void comp_col(void),"6,4594593","4,4594593","1,4","0,6",37,33,47,5,7,4,3,2,True
static void set_hl_attr(int idx),"6,4084034","4,6941175",1,"0,71428573",85,57,84,7,7,5,5,0,True
"void gui_mch_add_menu_item(vimmenu_T * menu, int idx)","6,2515264","4,965812",1,"0,2857143",117,83,92,7,7,5,2,0,True
static void initmaster(int f UNUSED),"6,1499996","3,75","1,2","1,2",16,12,31,5,6,5,6,2,True
static int buf_write_bytes(struct bw_info * ip),"6,1414423","4,712871",1,"0,42857143",303,204,239,7,7,6,3,0,True
static void init_signal_stack(void),"6,032609","2,7826087",2,"1,25",23,16,39,4,8,3,5,2,True
void gui_mch_enable_menu(int flag),"6,0190477","4,6857142",1,"0,33333334",105,82,110,6,6,2,2,0,True
"int gen_expand_wildcards(int num_pat, char_u * * pat, int * num_file, char_u * * * file, int flags)","6,0112133","4,788991","1,1111112","0,11111111",109,58,65,9,10,5,1,1,True
char_u * fix_fname(char_u * fname),"5,9999995","4,2","1,2","0,6",25,21,51,5,6,5,3,1,True
static char_u * viminfo_filename(char_u * file),"5,9777775","2,777778","1,4","1,8",36,20,49,5,7,4,9,2,True
"char_u * gui_mch_browse(int saving UNUSED, char_u * title, char_u * dflt, char_u * ext UNUSED, char_u * initdir, char_u * filter)","5,9256196","3,9256196","1,4","0,6",121,95,136,5,7,3,3,2,True
int setup_slavepty(int fd),"5,894737","1,8947368",3,1,19,12,84,3,9,9,3,4,True
char_u * get_mess_lang(void),"5,75","3,75","1,4","0,6",24,18,37,5,7,4,3,2,True
"static void st_error(int * postfix UNUSED, int * end UNUSED, int * p UNUSED)","5,75","3,5","1,25",1,40,35,66,4,5,3,4,1,True
"char_u * gui_mch_browsedir(char_u * title, char_u * initdir)","5,7166667","3,4666667","1,5","0,75",45,39,55,4,6,3,3,2,True
static void set_x11_title(char_u * title),"5,7037034","3,7037036","1,4","0,6",27,20,42,5,7,4,3,2,True
static void set_x11_icon(char_u * icon),"5,7037034","3,7037036","1,4","0,6",27,20,42,5,7,4,3,2,True
"int get_tty_info(int fd, ttyinfo_T * info)","5,6944447","3,4444444","1,5","0,75",36,31,52,4,6,3,3,2,True
static int can_write_buf_line(channel_T * channel),"5,657895","3,1578948","1,25","1,25",57,45,107,4,5,4,5,2,True
"void libvlc_media_player_set_nsobject(libvlc_media_player_t * p_mi, void * drawable)","2,9117646","1,4117647","1,5",0,17,12,20,2,3,2,0,1,False
int DemuxOpen(vlc_object_t * obj),"1,0833334","0,083333336",1,0,36,3,3,1,1,1,0,0,False
"static int net_SetupDgramSocket(vlc_object_t * p_obj, int fd, const struct addrinfo * ptr)","4,464912","2,131579","1,6666666","0,6666667",38,27,52,3,5,5,2,1,True
"int setenv(const char * name, const char * value, int override)","3,125","1,625","1,5",0,16,13,17,2,3,2,0,1,False
"static int MP4_ReadBox_smhd(stream_t * p_stream, MP4_Box_t * p_box)","1,3333334","0,33333334",1,0,12,4,4,1,1,1,0,0,False
"static int Direct3D9CreateScene(vout_display_t * vd, const video_format_t * fmt)","1,0493827","0,049382716",1,0,81,4,4,1,1,1,0,1,False
void webvtt_CloseDecoder(vlc_object_t * p_this),"1,3","0,3",1,0,10,3,3,1,1,1,0,0,False
int main(void),"3,1111112","1,6111112","1,5",0,36,29,42,2,3,2,0,3,False
"static int FrontendInfo(vlc_object_t * p_access, dvb_sys_t * p_sys)","3,6","0,1","3,5",0,120,6,24,2,7,3,0,1,True
"static int ChunkGetNext(demux_t * p_demux, enum wav_chunk_id * p_id, uint32_t * pi_size)","1,1470588","0,14705883",1,0,34,5,5,1,1,1,0,1,False
"VLC_TARGET static void I422_YUY2(filter_t * p_filter, picture_t * p_source, picture_t * p_dest)","6,4690475","3,8690476","1,6",1,84,65,111,5,8,4,5,2,True
static void satip_teardown(void * data),"1,7083334","0,20833333","1,5",0,48,5,9,2,3,2,0,3,False
int vlc_dlclose(void * handle),"4,066667","2,4","1,3333334","0,33333334",15,12,21,3,4,3,1,3,True
"static int DemuxBlock(demux_t * p_demux, const uint8_t * p, int len)","1,1351352","0,13513513",1,0,74,10,10,1,1,1,0,0,False
"ssize_t vlc_writev(int fd, const struct iovec * iov, int count)","2,5666666","1,0666667","1,5",0,30,16,29,2,3,2,0,1,False
static void * ThreadSend(void * data),"3,1201298","1,8701298","1,25",0,77,36,41,4,5,3,0,1,True
"VLC_TARGET static void I420_UYVY(filter_t * p_filter, picture_t * p_source, picture_t * p_dest)","8,125","6,125","1,2857143","0,71428573",152,133,200,7,9,4,5,6,True
"void * vlc_dlopen(const char * path, bool lazy)","4,74359","2,0769231","2,6666667",0,13,9,31,3,8,3,0,3,False
"int utf8_vfprintf(FILE * stream, const char * fmt, va_list ap)","4,429825","2,7631578","1,3333334","0,33333334",38,35,85,3,4,3,1,4,True
static libvlc_instance_t * create_libvlc(void),"1,1666666","0,16666667",1,0,18,3,3,1,1,1,0,1,False
struct vlc_h2_frame * vlc_h2_frame_settings(void),"8,277778","6,166667","1,7777778","0,33333334",54,37,88,9,16,9,3,3,True
"static int net_Subscribe(vlc_object_t * obj, int fd, const struct sockaddr * grp, socklen_t grplen)","6,7070417","4,507042","1,6","0,6",71,64,204,5,8,6,3,3,True
"static paragraph_t * BuildParagraph(filter_t * p_filter, int i_size, const uni_char_t * p_uchars, text_style_t * * pp_styles, ruby_block_t * * pp_ruby, int i_runs_size, unsigned * pi_max_advance_x)","4,2055554","1,9555556","2,25",0,45,22,56,4,9,3,0,3,True
"static void AllocatePluginDir(module_bank_t * bank, unsigned maxdepth, const char * absdir, const char * reldir)","1,7807018","0,28070176","1,5",0,57,8,13,2,3,2,0,3,True
"int net_Socket(vlc_object_t * p_this, int family, int socktype, int protocol)","3,85","2,6",1,"0,25",40,26,31,4,4,4,1,1,True
"static int AccessOpen(vlc_object_t * obj, vcddev_t * dev)","1,2592592","0,25925925",1,0,54,7,7,2,2,1,0,0,False
unsigned vlc_CPU_raw(void),"6,8142853","3,2142856","3,4","0,2",70,45,207,5,17,7,1,3,True
"static void input_resource_PutVoutLocked(input_resource_t * p_resource, vout_thread_t * vout)","1,2413793","0,2413793",1,0,29,7,7,1,1,1,0,1,False
static void CloseDecoder(vlc_object_t * p_this),"1,1578947","0,15789473",1,0,19,3,3,1,1,1,0,0,False
static void D3D11_Destroy(d3d11_handle_t * hd3d),"3,9545455","1,4545455","1,5",1,11,8,16,2,3,3,2,2,True
"static int D3D11_Create(vlc_object_t * obj, d3d11_handle_t * hd3d)","4,2333336","1,7333333","1,5",1,30,26,62,2,3,3,2,2,True
"int vlc_socket(int pf, int type, int proto, bool nonblock)","3,9607842","2,2941177","1,3333334","0,33333334",17,13,23,3,4,3,1,1,True
"static int Enable(vout_window_t * wnd, const vout_window_cfg_t * restrict cfg)","2,637681","1,3043478","1,3333334",0,23,10,15,3,4,2,0,1,True
"VLC_TARGET static void I422_YVYU(filter_t * p_filter, picture_t * p_source, picture_t * p_dest)","6,4690475","3,8690476","1,6",1,84,65,111,5,8,4,5,2,True
"static int intf_Eject(vlc_object_t * p_this, const char * psz_device)","7,755555","4,5555553","2,6","0,6",45,41,136,5,13,4,3,4,True
"VLC_TARGET static void I420_YVYU(filter_t * p_filter, picture_t * p_source, picture_t * p_dest)","8,125","6,125","1,2857143","0,71428573",152,133,200,7,9,4,5,6,True
"static void msg_print(intf_thread_t * p_intf, const char * psz_fmt, ...)","1,9761904","0,47619048","1,5",0,21,5,9,2,3,2,0,1,False
"vlc_iconv_t vlc_iconv_open(const char * tocode, const char * fromcode)","7,434146","4,634146","1,8",1,41,38,103,5,9,5,5,3,True
"vcddev_toc_t * ioctl_GetTOC(vlc_object_t * p_this, const vcddev_t * p_vcddev, bool b_fill_sectorinfo)","11,936508","6,2222223","4,714286",1,252,224,1201,7,33,6,7,15,True
"static void SelectSwapchainColorspace(struct d3d11_local_swapchain * display, const libvlc_video_render_cfg_t * cfg)","1,3678161","0,3678161",1,0,87,32,32,1,1,1,0,0,False
"static int EsOutSend(es_out_t * out, es_out_id_t * id, block_t * block)","1,4166666","0,41666666",1,0,12,5,5,1,1,1,0,0,False
static void rootprocess(int fd),"1,8769231","0,8769231",1,0,65,19,19,3,3,1,0,0,False
"VLC_TARGET static void I420_YUY2(filter_t * p_filter, picture_t * p_source, picture_t * p_dest)","8,141935","6,1419353","1,2857143","0,71428573",155,136,203,7,9,4,5,6,True
"static int ParseSDPConnection(const char * str, struct sockaddr_storage * addr, socklen_t * addrlen, unsigned * number)","2,5641024","1,2307693",1,"0,33333334",39,16,19,3,3,2,1,0,True
"int vlc_socketpair(int pf, int type, int proto, int fds[2], bool nonblock)","4,166667","2,5","1,3333334","0,33333334",24,20,37,3,4,3,1,1,True
"static int EnableWindowLocked(vout_thread_t * vout, const video_format_t * original)","2,1538463","0,15384616",2,0,26,4,8,1,2,2,0,0,False
"static struct addrinfo * makeipv4info(int type, int proto, u_long ip, u_short port, const char * name)","1,2142857","0,21428572",1,0,14,3,3,1,1,1,0,0,False
"int dvb_set_dvbt2(dvb_device_t * d, uint32_t freq, const char * modstr, uint32_t fec, uint32_t bandwidth, int transmit_mode, uint32_t guard, uint8_t plp)","5,6048384","3,3548386","1,5","0,75",31,26,43,4,6,2,3,2,True
"static block_t * Encode(encoder_t * p_enc, subpicture_t * p_subpic)","1,1463414","0,14634146",1,0,82,6,6,2,2,1,0,0,False
"static void ParseHeader(decoder_t * p_dec, block_t * p_block)","1,2372881","0,23728813",1,0,59,14,14,1,1,1,0,1,False
"VLC_TARGET static void I422_UYVY(filter_t * p_filter, picture_t * p_source, picture_t * p_dest)","6,4690475","3,8690476","1,6",1,84,65,111,5,8,4,5,2,True
"vout_display_t * vout_OpenWrapper(vout_thread_t * vout, const char * splitter_name, const vout_display_cfg_t * cfg, vlc_video_context * vctx)","1,3","0,3",1,0,60,9,9,2,2,2,0,1,False
static void Destroy(input_thread_t * input),"1,2","0,2",1,0,25,5,5,1,1,1,0,1,False
static int64_t vlc_strtoi(const char * str),"1,2777778","0,2777778",1,0,18,5,5,1,1,1,0,0,False
"static void ASF_fillup_es_bitrate_priorities_ex(demux_sys_t * p_sys, void * p_hdr, asf_es_priorities_t * p_prios)","2,1904762","0,1904762",2,0,21,4,8,1,2,2,0,0,False
"static void ParserHeaderHandler(void * priv, enum webvtt_header_line_e s, bool b_new, const char * psz_line)","3,3423078","2,0923078",1,"0,25",65,34,37,4,4,2,1,0,True
"int vlc_accept(int lfd, struct sockaddr * addr, socklen_t * alen, bool nonblock)","4,0000005","2,3333335","1,3333334","0,33333334",18,14,24,3,4,3,1,1,True
static int GetSwsCpuMask(void),8,3,"2,5","2,5",20,15,63,4,10,8,10,1,True
"static int net_SourceSubscribe(vlc_object_t * obj, int fd, const struct sockaddr * src, socklen_t srclen, const struct sockaddr * grp, socklen_t grplen)","5,67029","3,4202898","1,75","0,5",69,59,173,4,7,5,2,3,True
"FILE * vlc_fopen(const char * filename, const char * mode)","1,1904762","0,1904762",1,0,42,8,8,1,1,1,0,0,False
VLC_WEAK unsigned vlc_CPU_raw(void),"18,431623","12,277778","3,3076923","2,8461537",90,85,509,13,43,23,37,20,True
void * rtp_dgram_thread(void * opaque),"1,6351352","0,13513513","1,5",0,74,5,9,2,3,2,0,1,False
static char * vlc_idna_to_ascii(const char * idn),"5,5030303","2,8363636","2,6666667",0,55,52,137,3,8,3,0,3,False
